#Version:,1.5
#Software:,Microsoft,Windows,Firewall
#Time,Format:,Local
#Fields:,date,time,action,protocol,src-ip,dst-ip,src-port,dst-port,size,tcpflags,tcpsyn,tcpack,tcpwin,icmptype,icmpcode,info,path,pid

,2024-12-27,07:04:17,ALLOW,UDP,192.168.4.34,239.255.255.250,62477,1900,0,-,-,-,-,-,-,-,SEND,13016
2024-12-27,07:04:17,ALLOW,UDP,192.168.56.1,239.255.255.250,62478,1900,0,-,-,-,-,-,-,-,SEND,13016
2024-12-27,07:04:17,ALLOW,UDP,192.168.203.1,239.255.255.250,62479,1900,0,-,-,-,-,-,-,-,SEND,13016
2024-12-27,07:04:18,ALLOW,TCP,192.168.4.34,192.168.4.31,2846,60000,0,-,0,0,0,-,-,-,SEND,13016
2024-12-27,07:04:18,ALLOW,TCP,192.168.4.34,192.168.4.31,2847,8009,0,-,0,0,0,-,-,-,SEND,13016
2024-12-27,07:04:21,ALLOW,UDP,192.168.4.34,192.168.7.255,57621,57621,0,-,-,-,-,-,-,-,SEND,13016
2024-12-27,07:04:21,ALLOW,UDP,192.168.56.1,192.168.56.255,57621,57621,0,-,-,-,-,-,-,-,SEND,13016
2024-12-27,07:04:21,ALLOW,UDP,192.168.203.1,192.168.203.255,57621,57621,0,-,-,-,-,-,-,-,SEND,13016
2024-12-27,07:04:36,ALLOW,UDP,192.168.4.34,192.168.4.1,51495,53,0,-,-,-,-,-,-,-,SEND,776
2024-12-27,07:04:36,ALLOW,UDP,192.168.4.34,192.168.4.1,55567,53,0,-,-,-,-,-,-,-,SEND,776
2024-12-27,07:04:37,ALLOW,TCP,192.168.4.34,3.216.172.79,2848,443,0,-,0,0,0,-,-,-,SEND,23756
2024-12-27,07:04:39,DROP,UDP,192.168.4.26,224.0.0.251,5353,5353,110,-,-,-,-,-,-,-,RECEIVE,13016
2024-12-27,07:04:39,DROP,UDP,fe80::4cc:d603:892e:f6b6,ff02::fb,5353,5353,130,-,-,-,-,-,-,-,RECEIVE,13016
2024-12-27,07:04:40,DROP,UDP,192.168.4.26,224.0.0.251,5353,5353,110,-,-,-,-,-,-,-,RECEIVE,13016
2024-12-27,07:04:40,DROP,UDP,fe80::4cc:d603:892e:f6b6,ff02::fb,5353,5353,130,-,-,-,-,-,-,-,RECEIVE,13016
2024-12-27,07:04:41,ALLOW,UDP,192.168.4.34,192.168.254.254,55568,53,0,-,-,-,-,-,-,-,SEND,28444
2024-12-27,07:04:41,ALLOW,TCP,192.168.4.34,204.79.197.203,2849,443,0,-,0,0,0,-,-,-,SEND,28444
2024-12-27,07:04:41,ALLOW,TCP,192.168.4.34,204.79.197.203,2850,443,0,-,0,0,0,-,-,-,SEND,28444
2024-12-27,07:04:41,ALLOW,UDP,192.168.4.34,192.168.254.254,55569,53,0,-,-,-,-,-,-,-,SEND,28444
2024-12-27,07:04:41,ALLOW,TCP,192.168.4.34,208.89.72.17,2851,80,0,-,0,0,0,-,-,-,SEND,28444
2024-12-27,07:04:42,ALLOW,TCP,192.168.4.34,208.89.72.17,2852,80,0,-,0,0,0,-,-,-,SEND,28444
2024-12-27,07:04:42,ALLOW,TCP,192.168.4.34,52.113.194.132,2853,443,0,-,0,0,0,-,-,-,SEND,5456
2024-12-27,07:04:44,DROP,UDP,192.168.4.26,224.0.0.251,5353,5353,110,-,-,-,-,-,-,-,RECEIVE,13016
2024-12-27,07:04:44,DROP,UDP,fe80::4cc:d603:892e:f6b6,ff02::fb,5353,5353,130,-,-,-,-,-,-,-,RECEIVE,13016
2024-12-27,07:04:46,ALLOW,UDP,192.168.4.34,192.168.254.254,59512,53,0,-,-,-,-,-,-,-,SEND,28444
2024-12-27,07:04:46,ALLOW,UDP,192.168.4.34,192.168.254.254,59513,53,0,-,-,-,-,-,-,-,SEND,28444
2024-12-27,07:04:47,ALLOW,UDP,192.168.4.34,192.168.254.254,59514,53,0,-,-,-,-,-,-,-,SEND,28444
2024-12-27,07:04:47,ALLOW,TCP,192.168.4.34,204.79.197.239,2854,443,0,-,0,0,0,-,-,-,SEND,28444
2024-12-27,07:04:53,ALLOW,UDP,192.168.4.34,192.168.4.1,64769,53,0,-,-,-,-,-,-,-,SEND,776
2024-12-27,07:04:53,ALLOW,UDP,192.168.4.34,162.159.200.123,59535,123,0,-,-,-,-,-,-,-,SEND,5168
2024-12-27,07:05:02,DROP,UDP,fe80::16:941b:7a16:213c,ff02::fb,5353,5353,130,-,-,-,-,-,-,-,RECEIVE,13016
2024-12-27,07:05:02,DROP,UDP,192.168.4.21,224.0.0.251,5353,5353,110,-,-,-,-,-,-,-,RECEIVE,13016
2024-12-27,07:05:03,DROP,UDP,192.168.4.21,224.0.0.251,5353,5353,110,-,-,-,-,-,-,-,RECEIVE,13016
2024-12-27,07:05:03,DROP,UDP,192.168.4.21,224.0.0.251,5353,5353,110,-,-,-,-,-,-,-,RECEIVE,13016
2024-12-27,07:05:03,DROP,UDP,fe80::16:941b:7a16:213c,ff02::fb,5353,5353,130,-,-,-,-,-,-,-,RECEIVE,13016
2024-12-27,07:05:07,DROP,UDP,192.168.4.39,224.0.0.251,5353,5353,303,-,-,-,-,-,-,-,RECEIVE,13016
2024-12-27,07:05:07,DROP,UDP,192.168.4.39,224.0.0.251,5353,5353,303,-,-,-,-,-,-,-,RECEIVE,13016
2024-12-27,07:05:07,DROP,UDP,fe80::1cbc:e73a:acae:7073,ff02::fb,5353,5353,323,-,-,-,-,-,-,-,RECEIVE,13016
2024-12-27,07:05:07,DROP,UDP,fe80::1cbc:e73a:acae:7073,ff02::fb,5353,5353,323,-,-,-,-,-,-,-,RECEIVE,13016
2024-12-27,07:05:07,DROP,UDP,192.168.4.39,224.0.0.251,5353,5353,96,-,-,-,-,-,-,-,RECEIVE,13016
2024-12-27,07:05:07,DROP,UDP,192.168.4.39,224.0.0.251,5353,5353,96,-,-,-,-,-,-,-,RECEIVE,13016
2024-12-27,07:05:07,DROP,UDP,fe80::1cbc:e73a:acae:7073,ff02::fb,5353,5353,116,-,-,-,-,-,-,-,RECEIVE,13016
2024-12-27,07:05:07,DROP,UDP,fe80::1cbc:e73a:acae:7073,ff02::fb,5353,5353,116,-,-,-,-,-,-,-,RECEIVE,13016
2024-12-27,07:05:07,DROP,UDP,fe80::1cbc:e73a:acae:7073,ff02::fb,5353,5353,116,-,-,-,-,-,-,-,RECEIVE,13016
2024-12-27,07:05:07,DROP,UDP,192.168.4.39,224.0.0.251,5353,5353,178,-,-,-,-,-,-,-,RECEIVE,13016
2024-12-27,07:05:07,DROP,UDP,192.168.4.39,224.0.0.251,5353,5353,178,-,-,-,-,-,-,-,RECEIVE,13016
2024-12-27,07:05:07,DROP,UDP,fe80::1cbc:e73a:acae:7073,ff02::fb,5353,5353,198,-,-,-,-,-,-,-,RECEIVE,13016
2024-12-27,07:05:07,DROP,UDP,fe80::1cbc:e73a:acae:7073,ff02::fb,5353,5353,198,-,-,-,-,-,-,-,RECEIVE,13016
2024-12-27,07:05:07,DROP,UDP,fe80::1cbc:e73a:acae:7073,ff02::fb,5353,5353,198,-,-,-,-,-,-,-,RECEIVE,13016
2024-12-27,07:05:07,DROP,UDP,192.168.4.39,224.0.0.251,5353,5353,178,-,-,-,-,-,-,-,RECEIVE,13016
2024-12-27,07:05:07,DROP,UDP,192.168.4.39,224.0.0.251,5353,5353,178,-,-,-,-,-,-,-,RECEIVE,13016
2024-12-27,07:05:07,DROP,UDP,fe80::1cbc:e73a:acae:7073,ff02::fb,5353,5353,198,-,-,-,-,-,-,-,RECEIVE,13016
2024-12-27,07:05:07,DROP,UDP,fe80::1cbc:e73a:acae:7073,ff02::fb,5353,5353,198,-,-,-,-,-,-,-,RECEIVE,13016
2024-12-27,07:05:07,DROP,UDP,fe80::1cbc:e73a:acae:7073,ff02::fb,5353,5353,198,-,-,-,-,-,-,-,RECEIVE,13016
2024-12-27,07:05:08,DROP,UDP,192.168.4.39,224.0.0.251,5353,5353,178,-,-,-,-,-,-,-,RECEIVE,13016
2024-12-27,07:05:08,DROP,UDP,192.168.4.39,224.0.0.251,5353,5353,303,-,-,-,-,-,-,-,RECEIVE,13016
2024-12-27,07:05:08,DROP,UDP,192.168.4.39,224.0.0.251,5353,5353,178,-,-,-,-,-,-,-,RECEIVE,13016
2024-12-27,07:05:08,DROP,UDP,192.168.4.39,224.0.0.251,5353,5353,303,-,-,-,-,-,-,-,RECEIVE,13016
2024-12-27,07:05:08,DROP,UDP,fe80::1cbc:e73a:acae:7073,ff02::fb,5353,5353,198,-,-,-,-,-,-,-,RECEIVE,13016
2024-12-27,07:05:08,DROP,UDP,fe80::1cbc:e73a:acae:7073,ff02::fb,5353,5353,323,-,-,-,-,-,-,-,RECEIVE,13016
2024-12-27,07:05:08,DROP,UDP,fe80::1cbc:e73a:acae:7073,ff02::fb,5353,5353,198,-,-,-,-,-,-,-,RECEIVE,13016
2024-12-27,07:05:08,DROP,UDP,fe80::1cbc:e73a:acae:7073,ff02::fb,5353,5353,323,-,-,-,-,-,-,-,RECEIVE,13016
2024-12-27,07:05:08,DROP,UDP,fe80::1cbc:e73a:acae:7073,ff02::fb,5353,5353,198,-,-,-,-,-,-,-,RECEIVE,13016
2024-12-27,07:05:08,DROP,UDP,fe80::1cbc:e73a:acae:7073,ff02::fb,5353,5353,323,-,-,-,-,-,-,-,RECEIVE,13016
2024-12-27,07:05:08,DROP,UDP,192.168.4.39,224.0.0.251,5353,5353,370,-,-,-,-,-,-,-,RECEIVE,13016
2024-12-27,07:05:08,DROP,UDP,192.168.4.39,224.0.0.251,5353,5353,96,-,-,-,-,-,-,-,RECEIVE,13016
2024-12-27,07:05:08,DROP,UDP,192.168.4.39,224.0.0.251,5353,5353,370,-,-,-,-,-,-,-,RECEIVE,13016
2024-12-27,07:05:08,DROP,UDP,192.168.4.39,224.0.0.251,5353,5353,96,-,-,-,-,-,-,-,RECEIVE,13016
2024-12-27,07:05:08,DROP,UDP,fe80::1cbc:e73a:acae:7073,ff02::fb,5353,5353,390,-,-,-,-,-,-,-,RECEIVE,13016
2024-12-27,07:05:08,DROP,UDP,fe80::1cbc:e73a:acae:7073,ff02::fb,5353,5353,116,-,-,-,-,-,-,-,RECEIVE,13016
2024-12-27,07:05:08,DROP,UDP,fe80::1cbc:e73a:acae:7073,ff02::fb,5353,5353,390,-,-,-,-,-,-,-,RECEIVE,13016
2024-12-27,07:05:08,DROP,UDP,fe80::1cbc:e73a:acae:7073,ff02::fb,5353,5353,116,-,-,-,-,-,-,-,RECEIVE,13016
2024-12-27,07:05:08,DROP,UDP,fe80::1cbc:e73a:acae:7073,ff02::fb,5353,5353,390,-,-,-,-,-,-,-,RECEIVE,13016
2024-12-27,07:05:08,DROP,UDP,fe80::1cbc:e73a:acae:7073,ff02::fb,5353,5353,116,-,-,-,-,-,-,-,RECEIVE,13016
2024-12-27,07:05:08,ALLOW,UDP,192.168.4.34,192.168.4.1,53042,53,0,-,-,-,-,-,-,-,SEND,776
2024-12-27,07:05:08,ALLOW,UDP,192.168.4.34,192.168.4.1,58807,53,0,-,-,-,-,-,-,-,SEND,776
2024-12-27,07:05:08,ALLOW,TCP,192.168.4.34,20.221.239.91,2855,443,0,-,0,0,0,-,-,-,SEND,9372
2024-12-27,07:05:09,DROP,UDP,192.168.4.39,224.0.0.251,5353,5353,370,-,-,-,-,-,-,-,RECEIVE,13016
2024-12-27,07:05:09,DROP,UDP,192.168.4.39,224.0.0.251,5353,5353,370,-,-,-,-,-,-,-,RECEIVE,13016
2024-12-27,07:05:09,DROP,UDP,fe80::1cbc:e73a:acae:7073,ff02::fb,5353,5353,390,-,-,-,-,-,-,-,RECEIVE,13016
2024-12-27,07:05:09,DROP,UDP,fe80::1cbc:e73a:acae:7073,ff02::fb,5353,5353,390,-,-,-,-,-,-,-,RECEIVE,13016
2024-12-27,07:05:09,DROP,UDP,fe80::1cbc:e73a:acae:7073,ff02::fb,5353,5353,390,-,-,-,-,-,-,-,RECEIVE,13016
2024-12-27,07:05:09,DROP,UDP,192.168.4.1,224.0.0.251,5353,5353,108,-,-,-,-,-,-,-,RECEIVE,13016
2024-12-27,07:05:09,DROP,UDP,192.168.4.1,224.0.0.251,5353,5353,160,-,-,-,-,-,-,-,RECEIVE,13016
2024-12-27,07:05:09,DROP,UDP,192.168.4.1,224.0.0.251,5353,5353,108,-,-,-,-,-,-,-,RECEIVE,13016
2024-12-27,07:05:09,DROP,UDP,192.168.4.1,224.0.0.251,5353,5353,160,-,-,-,-,-,-,-,RECEIVE,13016
2024-12-27,07:05:10,DROP,UDP,192.168.4.39,224.0.0.251,5353,5353,303,-,-,-,-,-,-,-,RECEIVE,13016
2024-12-27,07:05:10,DROP,UDP,192.168.4.39,224.0.0.251,5353,5353,303,-,-,-,-,-,-,-,RECEIVE,13016
2024-12-27,07:05:10,DROP,UDP,fe80::1cbc:e73a:acae:7073,ff02::fb,5353,5353,323,-,-,-,-,-,-,-,RECEIVE,13016
2024-12-27,07:05:10,DROP,UDP,fe80::1cbc:e73a:acae:7073,ff02::fb,5353,5353,323,-,-,-,-,-,-,-,RECEIVE,13016
2024-12-27,07:05:10,DROP,UDP,fe80::1cbc:e73a:acae:7073,ff02::fb,5353,5353,323,-,-,-,-,-,-,-,RECEIVE,13016
2024-12-27,07:05:11,DROP,UDP,192.168.4.39,224.0.0.251,5353,5353,370,-,-,-,-,-,-,-,RECEIVE,13016
2024-12-27,07:05:11,DROP,UDP,192.168.4.39,224.0.0.251,5353,5353,96,-,-,-,-,-,-,-,RECEIVE,13016
2024-12-27,07:05:11,DROP,UDP,192.168.4.39,224.0.0.251,5353,5353,370,-,-,-,-,-,-,-,RECEIVE,13016
2024-12-27,07:05:11,DROP,UDP,192.168.4.39,224.0.0.251,5353,5353,96,-,-,-,-,-,-,-,RECEIVE,13016
2024-12-27,07:05:11,DROP,UDP,fe80::1cbc:e73a:acae:7073,ff02::fb,5353,5353,390,-,-,-,-,-,-,-,RECEIVE,13016
2024-12-27,07:05:11,DROP,UDP,fe80::1cbc:e73a:acae:7073,ff02::fb,5353,5353,116,-,-,-,-,-,-,-,RECEIVE,13016
2024-12-27,07:05:11,DROP,UDP,fe80::1cbc:e73a:acae:7073,ff02::fb,5353,5353,390,-,-,-,-,-,-,-,RECEIVE,13016
2024-12-27,07:05:11,DROP,UDP,fe80::1cbc:e73a:acae:7073,ff02::fb,5353,5353,116,-,-,-,-,-,-,-,RECEIVE,13016
2024-12-27,07:05:11,DROP,UDP,fe80::1cbc:e73a:acae:7073,ff02::fb,5353,5353,390,-,-,-,-,-,-,-,RECEIVE,13016
2024-12-27,07:05:11,DROP,UDP,fe80::1cbc:e73a:acae:7073,ff02::fb,5353,5353,116,-,-,-,-,-,-,-,RECEIVE,13016
2024-12-27,07:05:14,DROP,UDP,192.168.4.39,224.0.0.251,5353,5353,621,-,-,-,-,-,-,-,RECEIVE,13016
2024-12-27,07:05:14,DROP,UDP,192.168.4.39,224.0.0.251,5353,5353,621,-,-,-,-,-,-,-,RECEIVE,13016
2024-12-27,07:05:14,DROP,UDP,fe80::1cbc:e73a:acae:7073,ff02::fb,5353,5353,641,-,-,-,-,-,-,-,RECEIVE,13016
2024-12-27,07:05:14,DROP,UDP,fe80::1cbc:e73a:acae:7073,ff02::fb,5353,5353,641,-,-,-,-,-,-,-,RECEIVE,13016
2024-12-27,07:05:14,DROP,UDP,fe80::1cbc:e73a:acae:7073,ff02::fb,5353,5353,641,-,-,-,-,-,-,-,RECEIVE,13016
2024-12-27,07:05:14,ALLOW,UDP,192.168.4.34,192.168.254.254,58808,53,0,-,-,-,-,-,-,-,SEND,28444
2024-12-27,07:05:14,ALLOW,UDP,192.168.4.34,192.168.254.254,58809,53,0,-,-,-,-,-,-,-,SEND,28444
2024-12-27,07:05:14,ALLOW,UDP,192.168.4.34,192.168.254.254,58810,53,0,-,-,-,-,-,-,-,SEND,28444
2024-12-27,07:05:14,ALLOW,TCP,192.168.4.34,104.89.170.206,2856,443,0,-,0,0,0,-,-,-,SEND,28444
2024-12-27,07:05:14,ALLOW,TCP,192.168.4.34,23.50.113.164,2857,443,0,-,0,0,0,-,-,-,SEND,28444
2024-12-27,07:05:14,ALLOW,TCP,192.168.4.34,23.45.33.189,2858,443,0,-,0,0,0,-,-,-,SEND,28444
2024-12-27,07:05:17,DROP,UDP,192.168.4.39,224.0.0.251,5353,5353,128,-,-,-,-,-,-,-,RECEIVE,13016
2024-12-27,07:05:17,DROP,UDP,192.168.4.39,224.0.0.251,5353,5353,128,-,-,-,-,-,-,-,RECEIVE,13016
2024-12-27,07:05:17,DROP,UDP,fe80::1cbc:e73a:acae:7073,ff02::fb,5353,5353,148,-,-,-,-,-,-,-,RECEIVE,13016
2024-12-27,07:05:17,DROP,UDP,fe80::1cbc:e73a:acae:7073,ff02::fb,5353,5353,148,-,-,-,-,-,-,-,RECEIVE,13016
2024-12-27,07:05:17,DROP,UDP,fe80::1cbc:e73a:acae:7073,ff02::fb,5353,5353,148,-,-,-,-,-,-,-,RECEIVE,13016
2024-12-27,07:05:18,ALLOW,TCP,192.168.4.34,20.191.76.110,2859,443,0,-,0,0,0,-,-,-,SEND,28444
2024-12-27,07:05:18,ALLOW,UDP,192.168.4.34,192.168.254.254,58811,53,0,-,-,-,-,-,-,-,SEND,28444
2024-12-27,07:05:18,ALLOW,TCP,192.168.4.34,23.45.32.104,2860,443,0,-,0,0,0,-,-,-,SEND,28444
2024-12-27,07:05:21,ALLOW,UDP,192.168.56.1,192.168.56.255,57621,57621,0,-,-,-,-,-,-,-,SEND,13016
2024-12-27,07:05:21,ALLOW,UDP,192.168.203.1,192.168.203.255,57621,57621,0,-,-,-,-,-,-,-,SEND,13016
2024-12-27,07:05:22,ALLOW,UDP,192.168.56.1,239.255.255.250,58812,1900,0,-,-,-,-,-,-,-,SEND,13016
2024-12-27,07:05:22,ALLOW,UDP,192.168.56.1,239.255.255.250,58812,1900,0,-,-,-,-,-,-,-,RECEIVE,13016
2024-12-27,07:05:22,ALLOW,UDP,192.168.203.1,239.255.255.250,58813,1900,0,-,-,-,-,-,-,-,SEND,13016
2024-12-27,07:05:22,ALLOW,UDP,192.168.4.34,239.255.255.250,58814,1900,0,-,-,-,-,-,-,-,SEND,13016
2024-12-27,07:05:24,ALLOW,ICMP,fe80::de69:b5ff:fea9:4652,ff02::1,-,-,0,-,-,-,-,134,0,-,RECEIVE,4
2024-12-27,07:05:38,ALLOW,TCP,192.168.4.34,23.53.13.168,2861,443,0,-,0,0,0,-,-,-,SEND,25124
2024-12-27,07:05:38,ALLOW,TCP,192.168.4.34,23.53.13.176,2862,443,0,-,0,0,0,-,-,-,SEND,25124
2024-12-27,07:05:39,ALLOW,UDP,192.168.4.34,192.168.4.1,50126,53,0,-,-,-,-,-,-,-,SEND,776
2024-12-27,07:05:39,ALLOW,UDP,192.168.4.34,192.168.4.1,54323,53,0,-,-,-,-,-,-,-,SEND,776
2024-12-27,07:05:40,ALLOW,TCP,192.168.4.34,40.126.29.7,2865,443,0,-,0,0,0,-,-,-,SEND,17180
2024-12-27,07:05:40,ALLOW,TCP,192.168.4.34,40.126.29.7,2863,443,0,-,0,0,0,-,-,-,SEND,17180
2024-12-27,07:05:40,ALLOW,TCP,192.168.4.34,40.126.29.7,2864,443,0,-,0,0,0,-,-,-,SEND,17180
2024-12-27,07:05:40,ALLOW,TCP,192.168.4.34,52.168.117.171,2866,443,0,-,0,0,0,-,-,-,SEND,25124
2024-12-27,07:05:42,ALLOW,TCP,192.168.4.34,40.126.29.7,2867,443,0,-,0,0,0,-,-,-,SEND,33772
2024-12-27,07:05:42,ALLOW,UDP,192.168.4.34,192.168.4.1,55018,53,0,-,-,-,-,-,-,-,SEND,776
2024-12-27,07:05:42,ALLOW,UDP,192.168.4.34,192.168.4.1,52410,53,0,-,-,-,-,-,-,-,SEND,776
2024-12-27,07:05:42,DROP,UDP,fd15:63fb:5dea:1::1,ff02::fb,5353,5353,128,-,-,-,-,-,-,-,RECEIVE,13016
2024-12-27,07:05:42,DROP,UDP,fd15:63fb:5dea:1::1,ff02::fb,5353,5353,164,-,-,-,-,-,-,-,RECEIVE,13016
2024-12-27,07:05:42,DROP,UDP,fd15:63fb:5dea:1::1,ff02::fb,5353,5353,128,-,-,-,-,-,-,-,RECEIVE,13016
2024-12-27,07:05:42,DROP,UDP,fd15:63fb:5dea:1::1,ff02::fb,5353,5353,164,-,-,-,-,-,-,-,RECEIVE,13016
2024-12-27,07:05:42,DROP,UDP,fd15:63fb:5dea:1::1,ff02::fb,5353,5353,128,-,-,-,-,-,-,-,RECEIVE,13016
2024-12-27,07:05:42,DROP,UDP,fd15:63fb:5dea:1::1,ff02::fb,5353,5353,164,-,-,-,-,-,-,-,RECEIVE,13016
2024-12-27,07:05:42,DROP,UDP,fd15:63fb:5dea:1::1,ff02::fb,5353,5353,128,-,-,-,-,-,-,-,RECEIVE,13016
2024-12-27,07:05:42,DROP,UDP,fd15:63fb:5dea:1::1,ff02::fb,5353,5353,164,-,-,-,-,-,-,-,RECEIVE,13016
2024-12-27,07:05:42,ALLOW,TCP,192.168.4.34,52.167.249.196,2869,443,0,-,0,0,0,-,-,-,SEND,30228
2024-12-27,07:05:42,ALLOW,TCP,192.168.4.34,52.167.249.196,2868,443,0,-,0,0,0,-,-,-,SEND,29632
2024-12-27,07:05:43,ALLOW,TCP,192.168.4.34,52.167.249.196,2870,443,0,-,0,0,0,-,-,-,SEND,29632
2024-12-27,07:05:43,ALLOW,TCP,192.168.4.34,52.167.249.196,2871,443,0,-,0,0,0,-,-,-,SEND,30228
2024-12-27,07:05:44,ALLOW,UDP,192.168.4.34,192.168.254.254,52411,53,0,-,-,-,-,-,-,-,SEND,28444
2024-12-27,07:05:44,ALLOW,TCP,192.168.4.34,52.27.175.129,2872,443,0,-,0,0,0,-,-,-,SEND,28444
2024-12-27,07:05:44,ALLOW,TCP,192.168.4.34,52.167.249.196,2873,443,0,-,0,0,0,-,-,-,SEND,29632
2024-12-27,07:05:44,ALLOW,TCP,192.168.4.34,52.167.249.196,2874,443,0,-,0,0,0,-,-,-,SEND,4900
2024-12-27,07:05:45,ALLOW,TCP,192.168.4.34,52.167.249.196,2875,443,0,-,0,0,0,-,-,-,SEND,4900
2024-12-27,07:05:45,DROP,UDP,192.168.4.23,224.0.0.251,5353,5353,332,-,-,-,-,-,-,-,RECEIVE,13016
2024-12-27,07:05:45,DROP,UDP,192.168.4.23,224.0.0.251,5353,5353,184,-,-,-,-,-,-,-,RECEIVE,13016
2024-12-27,07:05:45,DROP,UDP,192.168.4.23,224.0.0.251,5353,5353,332,-,-,-,-,-,-,-,RECEIVE,13016
2024-12-27,07:05:45,DROP,UDP,192.168.4.23,224.0.0.251,5353,5353,184,-,-,-,-,-,-,-,RECEIVE,13016
2024-12-27,07:05:45,DROP,UDP,fe80::1c8e:f57c:4448:ff74,ff02::fb,5353,5353,352,-,-,-,-,-,-,-,RECEIVE,13016
2024-12-27,07:05:45,DROP,UDP,fe80::1c8e:f57c:4448:ff74,ff02::fb,5353,5353,204,-,-,-,-,-,-,-,RECEIVE,13016
2024-12-27,07:05:45,DROP,UDP,fe80::1c8e:f57c:4448:ff74,ff02::fb,5353,5353,352,-,-,-,-,-,-,-,RECEIVE,13016
2024-12-27,07:05:45,DROP,UDP,fe80::1c8e:f57c:4448:ff74,ff02::fb,5353,5353,204,-,-,-,-,-,-,-,RECEIVE,13016
2024-12-27,07:05:45,DROP,UDP,fe80::1c8e:f57c:4448:ff74,ff02::fb,5353,5353,352,-,-,-,-,-,-,-,RECEIVE,13016
2024-12-27,07:05:45,DROP,UDP,fe80::1c8e:f57c:4448:ff74,ff02::fb,5353,5353,204,-,-,-,-,-,-,-,RECEIVE,13016
2024-12-27,07:05:45,DROP,UDP,fe80::1c8e:f57c:4448:ff74,ff02::fb,5353,5353,352,-,-,-,-,-,-,-,RECEIVE,13016
2024-12-27,07:05:45,DROP,UDP,fe80::1c8e:f57c:4448:ff74,ff02::fb,5353,5353,204,-,-,-,-,-,-,-,RECEIVE,13016
2024-12-27,07:05:46,DROP,UDP,192.168.4.23,224.0.0.251,5353,5353,207,-,-,-,-,-,-,-,RECEIVE,13016
2024-12-27,07:05:46,DROP,UDP,192.168.4.23,224.0.0.251,5353,5353,207,-,-,-,-,-,-,-,RECEIVE,13016
2024-12-27,07:05:46,DROP,UDP,fe80::1c8e:f57c:4448:ff74,ff02::fb,5353,5353,227,-,-,-,-,-,-,-,RECEIVE,13016
2024-12-27,07:05:46,DROP,UDP,fe80::1c8e:f57c:4448:ff74,ff02::fb,5353,5353,227,-,-,-,-,-,-,-,RECEIVE,13016
2024-12-27,07:05:46,DROP,UDP,fe80::1c8e:f57c:4448:ff74,ff02::fb,5353,5353,227,-,-,-,-,-,-,-,RECEIVE,13016
2024-12-27,07:05:46,DROP,UDP,fe80::1c8e:f57c:4448:ff74,ff02::fb,5353,5353,227,-,-,-,-,-,-,-,RECEIVE,13016
2024-12-27,07:05:46,ALLOW,TCP,192.168.4.34,52.167.249.196,2876,443,0,-,0,0,0,-,-,-,SEND,4900
2024-12-27,07:05:46,DROP,UDP,192.168.4.23,224.0.0.251,5353,5353,207,-,-,-,-,-,-,-,RECEIVE,13016
2024-12-27,07:05:46,DROP,UDP,192.168.4.23,224.0.0.251,5353,5353,207,-,-,-,-,-,-,-,RECEIVE,13016
2024-12-27,07:05:46,DROP,UDP,fe80::1c8e:f57c:4448:ff74,ff02::fb,5353,5353,227,-,-,-,-,-,-,-,RECEIVE,13016
2024-12-27,07:05:46,DROP,UDP,fe80::1c8e:f57c:4448:ff74,ff02::fb,5353,5353,227,-,-,-,-,-,-,-,RECEIVE,13016
2024-12-27,07:05:46,DROP,UDP,fe80::1c8e:f57c:4448:ff74,ff02::fb,5353,5353,227,-,-,-,-,-,-,-,RECEIVE,13016
2024-12-27,07:05:46,DROP,UDP,fe80::1c8e:f57c:4448:ff74,ff02::fb,5353,5353,227,-,-,-,-,-,-,-,RECEIVE,13016
2024-12-27,07:05:46,ALLOW,TCP,192.168.4.34,52.167.249.196,2877,443,0,-,0,0,0,-,-,-,SEND,5160
2024-12-27,07:05:46,DROP,UDP,fe80::1c8e:f57c:4448:ff74,ff02::fb,5353,5353,227,-,-,-,-,-,-,-,RECEIVE,13016
2024-12-27,07:05:46,DROP,UDP,fe80::1c8e:f57c:4448:ff74,ff02::fb,5353,5353,352,-,-,-,-,-,-,-,RECEIVE,13016
2024-12-27,07:05:46,DROP,UDP,fe80::1c8e:f57c:4448:ff74,ff02::fb,5353,5353,204,-,-,-,-,-,-,-,RECEIVE,13016
2024-12-27,07:05:46,DROP,UDP,fe80::1c8e:f57c:4448:ff74,ff02::fb,5353,5353,227,-,-,-,-,-,-,-,RECEIVE,13016
2024-12-27,07:05:46,DROP,UDP,fe80::1c8e:f57c:4448:ff74,ff02::fb,5353,5353,352,-,-,-,-,-,-,-,RECEIVE,13016
2024-12-27,07:05:46,DROP,UDP,fe80::1c8e:f57c:4448:ff74,ff02::fb,5353,5353,204,-,-,-,-,-,-,-,RECEIVE,13016
2024-12-27,07:05:46,DROP,UDP,fe80::1c8e:f57c:4448:ff74,ff02::fb,5353,5353,227,-,-,-,-,-,-,-,RECEIVE,13016
2024-12-27,07:05:46,DROP,UDP,fe80::1c8e:f57c:4448:ff74,ff02::fb,5353,5353,352,-,-,-,-,-,-,-,RECEIVE,13016
2024-12-27,07:05:46,DROP,UDP,fe80::1c8e:f57c:4448:ff74,ff02::fb,5353,5353,204,-,-,-,-,-,-,-,RECEIVE,13016
2024-12-27,07:05:46,DROP,UDP,fe80::1c8e:f57c:4448:ff74,ff02::fb,5353,5353,227,-,-,-,-,-,-,-,RECEIVE,13016
2024-12-27,07:05:46,DROP,UDP,fe80::1c8e:f57c:4448:ff74,ff02::fb,5353,5353,352,-,-,-,-,-,-,-,RECEIVE,13016
2024-12-27,07:05:46,DROP,UDP,fe80::1c8e:f57c:4448:ff74,ff02::fb,5353,5353,204,-,-,-,-,-,-,-,RECEIVE,13016
2024-12-27,07:05:46,DROP,UDP,192.168.4.23,224.0.0.251,5353,5353,207,-,-,-,-,-,-,-,RECEIVE,13016
2024-12-27,07:05:46,DROP,UDP,192.168.4.23,224.0.0.251,5353,5353,332,-,-,-,-,-,-,-,RECEIVE,13016
2024-12-27,07:05:46,DROP,UDP,192.168.4.23,224.0.0.251,5353,5353,184,-,-,-,-,-,-,-,RECEIVE,13016
2024-12-27,07:05:46,DROP,UDP,192.168.4.23,224.0.0.251,5353,5353,207,-,-,-,-,-,-,-,RECEIVE,13016
2024-12-27,07:05:46,DROP,UDP,192.168.4.23,224.0.0.251,5353,5353,332,-,-,-,-,-,-,-,RECEIVE,13016
2024-12-27,07:05:46,DROP,UDP,192.168.4.23,224.0.0.251,5353,5353,184,-,-,-,-,-,-,-,RECEIVE,13016
2024-12-27,07:05:46,DROP,UDP,192.168.4.23,224.0.0.251,5353,5353,397,-,-,-,-,-,-,-,RECEIVE,13016
2024-12-27,07:05:46,DROP,UDP,192.168.4.23,224.0.0.251,5353,5353,397,-,-,-,-,-,-,-,RECEIVE,13016
2024-12-27,07:05:46,DROP,UDP,fe80::1c8e:f57c:4448:ff74,ff02::fb,5353,5353,417,-,-,-,-,-,-,-,RECEIVE,13016
2024-12-27,07:05:46,DROP,UDP,fe80::1c8e:f57c:4448:ff74,ff02::fb,5353,5353,417,-,-,-,-,-,-,-,RECEIVE,13016
2024-12-27,07:05:46,DROP,UDP,fe80::1c8e:f57c:4448:ff74,ff02::fb,5353,5353,417,-,-,-,-,-,-,-,RECEIVE,13016
2024-12-27,07:05:46,DROP,UDP,fe80::1c8e:f57c:4448:ff74,ff02::fb,5353,5353,417,-,-,-,-,-,-,-,RECEIVE,13016
2024-12-27,07:05:47,ALLOW,TCP,192.168.4.34,52.167.249.196,2878,443,0,-,0,0,0,-,-,-,SEND,4900
2024-12-27,07:05:47,ALLOW,UDP,192.168.4.34,192.168.4.1,49247,53,0,-,-,-,-,-,-,-,SEND,776
2024-12-27,07:05:47,ALLOW,TCP,192.168.4.34,204.79.197.222,2880,443,0,-,0,0,0,-,-,-,SEND,25124
2024-12-27,07:05:47,ALLOW,TCP,192.168.4.34,52.167.249.196,2879,443,0,-,0,0,0,-,-,-,SEND,5160
2024-12-27,07:05:47,DROP,UDP,192.168.4.23,224.0.0.251,5353,5353,397,-,-,-,-,-,-,-,RECEIVE,13016
2024-12-27,07:05:47,DROP,UDP,192.168.4.23,224.0.0.251,5353,5353,397,-,-,-,-,-,-,-,RECEIVE,13016
2024-12-27,07:05:47,DROP,UDP,fe80::1c8e:f57c:4448:ff74,ff02::fb,5353,5353,417,-,-,-,-,-,-,-,RECEIVE,13016
2024-12-27,07:05:47,DROP,UDP,fe80::1c8e:f57c:4448:ff74,ff02::fb,5353,5353,417,-,-,-,-,-,-,-,RECEIVE,13016
2024-12-27,07:05:47,DROP,UDP,fe80::1c8e:f57c:4448:ff74,ff02::fb,5353,5353,417,-,-,-,-,-,-,-,RECEIVE,13016
2024-12-27,07:05:47,DROP,UDP,fe80::1c8e:f57c:4448:ff74,ff02::fb,5353,5353,417,-,-,-,-,-,-,-,RECEIVE,13016
2024-12-27,07:05:48,DROP,UDP,192.168.4.23,224.0.0.251,5353,5353,648,-,-,-,-,-,-,-,RECEIVE,13016
2024-12-27,07:05:48,DROP,UDP,192.168.4.23,224.0.0.251,5353,5353,648,-,-,-,-,-,-,-,RECEIVE,13016
2024-12-27,07:05:48,DROP,UDP,fe80::1c8e:f57c:4448:ff74,ff02::fb,5353,5353,668,-,-,-,-,-,-,-,RECEIVE,13016
2024-12-27,07:05:48,DROP,UDP,fe80::1c8e:f57c:4448:ff74,ff02::fb,5353,5353,668,-,-,-,-,-,-,-,RECEIVE,13016
2024-12-27,07:05:48,DROP,UDP,fe80::1c8e:f57c:4448:ff74,ff02::fb,5353,5353,668,-,-,-,-,-,-,-,RECEIVE,13016
2024-12-27,07:05:48,DROP,UDP,fe80::1c8e:f57c:4448:ff74,ff02::fb,5353,5353,668,-,-,-,-,-,-,-,RECEIVE,13016
2024-12-27,07:05:49,ALLOW,TCP,192.168.4.34,13.107.226.254,2881,443,0,-,0,0,0,-,-,-,SEND,25124
2024-12-27,07:05:49,ALLOW,UDP,192.168.4.34,192.168.4.1,56606,53,0,-,-,-,-,-,-,-,SEND,776
2024-12-27,07:05:49,ALLOW,TCP,192.168.4.34,13.107.4.254,2882,443,0,-,0,0,0,-,-,-,SEND,25124
2024-12-27,07:05:49,DROP,UDP,192.168.4.23,224.0.0.251,5353,5353,184,-,-,-,-,-,-,-,RECEIVE,13016
2024-12-27,07:05:49,DROP,UDP,192.168.4.23,224.0.0.251,5353,5353,184,-,-,-,-,-,-,-,RECEIVE,13016
2024-12-27,07:05:49,DROP,UDP,fe80::1c8e:f57c:4448:ff74,ff02::fb,5353,5353,204,-,-,-,-,-,-,-,RECEIVE,13016
2024-12-27,07:05:49,DROP,UDP,fe80::1c8e:f57c:4448:ff74,ff02::fb,5353,5353,204,-,-,-,-,-,-,-,RECEIVE,13016
2024-12-27,07:05:49,DROP,UDP,fe80::1c8e:f57c:4448:ff74,ff02::fb,5353,5353,204,-,-,-,-,-,-,-,RECEIVE,13016
2024-12-27,07:05:49,DROP,UDP,fe80::1c8e:f57c:4448:ff74,ff02::fb,5353,5353,204,-,-,-,-,-,-,-,RECEIVE,13016
2024-12-27,07:05:49,ALLOW,TCP,192.168.4.34,23.50.113.134,2883,443,0,-,0,0,0,-,-,-,SEND,25124
2024-12-27,07:05:50,DROP,UDP,192.168.4.23,224.0.0.251,5353,5353,156,-,-,-,-,-,-,-,RECEIVE,13016
2024-12-27,07:05:50,DROP,UDP,192.168.4.23,224.0.0.251,5353,5353,156,-,-,-,-,-,-,-,RECEIVE,13016
2024-12-27,07:05:50,DROP,UDP,fe80::1c8e:f57c:4448:ff74,ff02::fb,5353,5353,176,-,-,-,-,-,-,-,RECEIVE,13016
2024-12-27,07:05:50,DROP,UDP,fe80::1c8e:f57c:4448:ff74,ff02::fb,5353,5353,176,-,-,-,-,-,-,-,RECEIVE,13016
2024-12-27,07:05:50,DROP,UDP,fe80::1c8e:f57c:4448:ff74,ff02::fb,5353,5353,176,-,-,-,-,-,-,-,RECEIVE,13016
2024-12-27,07:05:50,DROP,UDP,fe80::1c8e:f57c:4448:ff74,ff02::fb,5353,5353,176,-,-,-,-,-,-,-,RECEIVE,13016
2024-12-27,07:05:53,ALLOW,UDP,192.168.4.34,162.159.200.123,56607,123,0,-,-,-,-,-,-,-,SEND,5168
2024-12-27,07:05:55,ALLOW,TCP,::1,::1,2884,445,0,-,0,0,0,-,-,-,SEND,4
2024-12-27,07:05:55,ALLOW,TCP,::1,::1,2884,445,0,-,0,0,0,-,-,-,RECEIVE,4
2024-12-27,07:05:57,ALLOW,TCP,192.168.4.34,40.83.50.88,2885,443,0,-,0,0,0,-,-,-,SEND,22240
2024-12-27,07:05:58,ALLOW,TCP,192.168.4.34,146.75.42.172,2886,80,0,-,0,0,0,-,-,-,SEND,22240
2024-12-27,07:06:04,ALLOW,UDP,192.168.4.34,192.168.254.254,56608,53,0,-,-,-,-,-,-,-,SEND,28444
2024-12-27,07:06:06,ALLOW,TCP,192.168.4.34,50.16.88.233,2887,443,0,-,0,0,0,-,-,-,SEND,28444
2024-12-27,07:06:06,ALLOW,TCP,192.168.4.34,50.16.88.233,2888,443,0,-,0,0,0,-,-,-,SEND,28444
2024-12-27,07:06:08,ALLOW,TCP,192.168.4.34,40.74.98.194,2889,443,0,-,0,0,0,-,-,-,SEND,5160
2024-12-27,07:06:10,ALLOW,TCP,192.168.4.34,20.3.187.198,2890,443,0,-,0,0,0,-,-,-,SEND,22240
2024-12-27,07:06:16,ALLOW,UDP,192.168.4.34,224.0.0.251,5353,5353,0,-,-,-,-,-,-,-,SEND,13016
2024-12-27,07:06:16,ALLOW,UDP,192.168.4.34,224.0.0.251,5353,5353,0,-,-,-,-,-,-,-,RECEIVE,13016
2024-12-27,07:06:16,ALLOW,UDP,192.168.4.34,224.0.0.251,5353,5353,0,-,-,-,-,-,-,-,RECEIVE,776
2024-12-27,07:06:16,ALLOW,UDP,192.168.4.34,224.0.0.251,5353,5353,0,-,-,-,-,-,-,-,RECEIVE,13016
2024-12-27,07:06:16,ALLOW,UDP,192.168.4.34,224.0.0.251,5353,5353,0,-,-,-,-,-,-,-,RECEIVE,32412
2024-12-27,07:06:16,ALLOW,UDP,192.168.56.1,224.0.0.251,5353,5353,0,-,-,-,-,-,-,-,SEND,13016
2024-12-27,07:06:16,ALLOW,UDP,192.168.56.1,224.0.0.251,5353,5353,0,-,-,-,-,-,-,-,RECEIVE,8208
2024-12-27,07:06:16,ALLOW,UDP,192.168.56.1,224.0.0.251,5353,5353,0,-,-,-,-,-,-,-,RECEIVE,13016
2024-12-27,07:06:16,ALLOW,UDP,192.168.56.1,224.0.0.251,5353,5353,0,-,-,-,-,-,-,-,RECEIVE,776
2024-12-27,07:06:16,ALLOW,UDP,192.168.56.1,224.0.0.251,5353,5353,0,-,-,-,-,-,-,-,RECEIVE,13016
2024-12-27,07:06:16,ALLOW,UDP,192.168.56.1,224.0.0.251,5353,5353,0,-,-,-,-,-,-,-,RECEIVE,32412
2024-12-27,07:06:16,ALLOW,UDP,192.168.203.1,224.0.0.251,5353,5353,0,-,-,-,-,-,-,-,SEND,13016
2024-12-27,07:06:16,ALLOW,UDP,192.168.203.1,224.0.0.251,5353,5353,0,-,-,-,-,-,-,-,RECEIVE,8208
2024-12-27,07:06:16,ALLOW,UDP,192.168.203.1,224.0.0.251,5353,5353,0,-,-,-,-,-,-,-,RECEIVE,776
2024-12-27,07:06:16,ALLOW,UDP,192.168.203.1,224.0.0.251,5353,5353,0,-,-,-,-,-,-,-,RECEIVE,13016
2024-12-27,07:06:16,ALLOW,UDP,192.168.203.1,224.0.0.251,5353,5353,0,-,-,-,-,-,-,-,RECEIVE,32412
2024-12-27,07:06:16,ALLOW,UDP,fe80::8e13:3b90:37bf:23c0,ff02::fb,5353,5353,0,-,-,-,-,-,-,-,SEND,13016
2024-12-27,07:06:16,ALLOW,UDP,fe80::8e13:3b90:37bf:23c0,ff02::fb,5353,5353,0,-,-,-,-,-,-,-,RECEIVE,13016
2024-12-27,07:06:16,ALLOW,UDP,fe80::8e13:3b90:37bf:23c0,ff02::fb,5353,5353,0,-,-,-,-,-,-,-,RECEIVE,13016
2024-12-27,07:06:16,ALLOW,UDP,fe80::8e13:3b90:37bf:23c0,ff02::fb,5353,5353,0,-,-,-,-,-,-,-,RECEIVE,13016
2024-12-27,07:06:16,ALLOW,UDP,fe80::8e13:3b90:37bf:23c0,ff02::fb,5353,5353,0,-,-,-,-,-,-,-,RECEIVE,776
2024-12-27,07:06:16,ALLOW,UDP,fe80::8e13:3b90:37bf:23c0,ff02::fb,5353,5353,0,-,-,-,-,-,-,-,RECEIVE,8208
2024-12-27,07:06:16,ALLOW,UDP,fe80::8e13:3b90:37bf:23c0,ff02::fb,5353,5353,0,-,-,-,-,-,-,-,RECEIVE,13016
2024-12-27,07:06:16,ALLOW,UDP,fe80::8e13:3b90:37bf:23c0,ff02::fb,5353,5353,0,-,-,-,-,-,-,-,RECEIVE,32412
2024-12-27,07:06:16,ALLOW,UDP,fe80::8e13:3b90:37bf:23c0,ff02::fb,5353,5353,0,-,-,-,-,-,-,-,SEND,13016
2024-12-27,07:06:16,ALLOW,UDP,fe80::486f:d191:b755:2108,ff02::fb,5353,5353,0,-,-,-,-,-,-,-,SEND,13016
2024-12-27,07:06:16,ALLOW,UDP,fe80::486f:d191:b755:2108,ff02::fb,5353,5353,0,-,-,-,-,-,-,-,RECEIVE,13016
2024-12-27,07:06:16,ALLOW,UDP,fe80::486f:d191:b755:2108,ff02::fb,5353,5353,0,-,-,-,-,-,-,-,RECEIVE,776
2024-12-27,07:06:16,ALLOW,UDP,fe80::486f:d191:b755:2108,ff02::fb,5353,5353,0,-,-,-,-,-,-,-,RECEIVE,8208
2024-12-27,07:06:16,ALLOW,UDP,fe80::486f:d191:b755:2108,ff02::fb,5353,5353,0,-,-,-,-,-,-,-,RECEIVE,13016
2024-12-27,07:06:16,ALLOW,UDP,fe80::486f:d191:b755:2108,ff02::fb,5353,5353,0,-,-,-,-,-,-,-,RECEIVE,32412
2024-12-27,07:06:16,ALLOW,UDP,fe80::8e13:3b90:37bf:23c0,ff02::fb,5353,5353,0,-,-,-,-,-,-,-,SEND,13016
2024-12-27,07:06:16,ALLOW,UDP,fe80::f5ed:7bae:7655:9e7d,ff02::fb,5353,5353,0,-,-,-,-,-,-,-,SEND,13016
2024-12-27,07:06:16,ALLOW,UDP,fe80::f5ed:7bae:7655:9e7d,ff02::fb,5353,5353,0,-,-,-,-,-,-,-,RECEIVE,13016
2024-12-27,07:06:16,ALLOW,UDP,fe80::f5ed:7bae:7655:9e7d,ff02::fb,5353,5353,0,-,-,-,-,-,-,-,RECEIVE,776
2024-12-27,07:06:16,ALLOW,UDP,fe80::f5ed:7bae:7655:9e7d,ff02::fb,5353,5353,0,-,-,-,-,-,-,-,RECEIVE,8208
2024-12-27,07:06:16,ALLOW,UDP,fe80::f5ed:7bae:7655:9e7d,ff02::fb,5353,5353,0,-,-,-,-,-,-,-,RECEIVE,13016
2024-12-27,07:06:17,ALLOW,UDP,192.168.4.34,239.255.255.250,62477,1900,0,-,-,-,-,-,-,-,SEND,13016
2024-12-27,07:06:17,ALLOW,UDP,192.168.56.1,239.255.255.250,62478,1900,0,-,-,-,-,-,-,-,SEND,13016
2024-12-27,07:06:17,ALLOW,UDP,192.168.203.1,239.255.255.250,62479,1900,0,-,-,-,-,-,-,-,SEND,13016
2024-12-27,07:06:18,ALLOW,UDP,192.168.4.34,192.168.4.1,58061,53,0,-,-,-,-,-,-,-,SEND,776
2024-12-27,07:06:18,ALLOW,TCP,192.168.4.34,192.168.4.31,2892,60000,0,-,0,0,0,-,-,-,SEND,13016
2024-12-27,07:06:18,ALLOW,TCP,192.168.4.34,40.79.25.129,2893,443,0,-,0,0,0,-,-,-,SEND,22240
2024-12-27,07:06:18,ALLOW,TCP,192.168.4.34,40.74.98.194,2891,443,0,-,0,0,0,-,-,-,SEND,5160
2024-12-27,07:06:18,ALLOW,TCP,192.168.4.34,192.168.4.31,2895,8009,0,-,0,0,0,-,-,-,SEND,13016
2024-12-27,07:06:18,ALLOW,TCP,192.168.4.34,51.11.168.232,2894,443,0,-,0,0,0,-,-,-,SEND,29632
2024-12-27,07:06:18,ALLOW,UDP,192.168.56.1,224.0.0.251,5353,5353,0,-,-,-,-,-,-,-,SEND,776
2024-12-27,07:06:18,ALLOW,UDP,192.168.203.1,224.0.0.251,5353,5353,0,-,-,-,-,-,-,-,SEND,776
2024-12-27,07:06:18,ALLOW,UDP,192.168.4.34,224.0.0.251,5353,5353,0,-,-,-,-,-,-,-,SEND,776
2024-12-27,07:06:18,ALLOW,UDP,fe80::f5ed:7bae:7655:9e7d,ff02::fb,5353,5353,0,-,-,-,-,-,-,-,SEND,776
2024-12-27,07:06:18,ALLOW,UDP,fe80::486f:d191:b755:2108,ff02::fb,5353,5353,0,-,-,-,-,-,-,-,SEND,776
2024-12-27,07:06:18,ALLOW,UDP,fe80::8e13:3b90:37bf:23c0,ff02::fb,5353,5353,0,-,-,-,-,-,-,-,SEND,776
2024-12-27,07:06:18,ALLOW,TCP,192.168.4.34,23.45.32.104,2897,443,0,-,0,0,0,-,-,-,SEND,27312
2024-12-27,07:06:18,ALLOW,TCP,192.168.4.34,40.69.79.107,2896,443,0,-,0,0,0,-,-,-,SEND,27312
2024-12-27,07:06:18,ALLOW,TCP,192.168.4.34,146.75.78.172,2898,80,0,-,0,0,0,-,-,-,SEND,27312
2024-12-27,07:06:19,ALLOW,TCP,192.168.4.34,23.45.32.104,2899,443,0,-,0,0,0,-,-,-,SEND,27312
2024-12-27,07:06:21,ALLOW,TCP,192.168.4.34,40.74.98.194,2900,443,0,-,0,0,0,-,-,-,SEND,5160
2024-12-27,07:06:29,ALLOW,UDP,192.168.4.34,192.168.254.254,58102,53,0,-,-,-,-,-,-,-,SEND,28444
2024-12-27,07:06:29,ALLOW,TCP,192.168.4.34,20.190.135.18,2901,443,0,-,0,0,0,-,-,-,SEND,28444
2024-12-27,07:06:29,ALLOW,TCP,192.168.4.34,52.182.143.209,2902,443,0,-,0,0,0,-,-,-,SEND,28444
2024-12-27,07:06:30,ALLOW,TCP,192.168.4.34,172.169.87.222,2903,443,0,-,0,0,0,-,-,-,SEND,32988
2024-12-27,07:06:30,ALLOW,TCP,192.168.4.34,13.107.42.16,2904,443,0,-,0,0,0,-,-,-,SEND,3364
2024-12-27,07:06:33,ALLOW,TCP,192.168.4.34,40.74.98.194,2905,443,0,-,0,0,0,-,-,-,SEND,5160
2024-12-27,07:06:47,ALLOW,UDP,192.168.4.34,192.168.4.1,63153,53,0,-,-,-,-,-,-,-,SEND,776
2024-12-27,07:06:47,ALLOW,TCP,192.168.4.34,51.11.168.232,2906,443,0,-,0,0,0,-,-,-,SEND,28528
2024-12-27,07:06:48,DROP,UDP,192.168.4.1,224.0.0.251,5353,5353,108,-,-,-,-,-,-,-,RECEIVE,13016
2024-12-27,07:06:48,DROP,UDP,192.168.4.1,224.0.0.251,5353,5353,160,-,-,-,-,-,-,-,RECEIVE,13016
2024-12-27,07:06:48,ALLOW,TCP,192.168.4.34,51.11.168.232,2907,443,0,-,0,0,0,-,-,-,SEND,28528
2024-12-27,07:22:13,BLOCK,TCP,172.16.0.1,172.16.0.2,6784,34667
2024-12-27,07:22:14,ALLOW,UDP,192.168.1.2,10.0.0.2,6810,53876
2024-12-27,07:22:14,BLOCK,TCP,192.168.1.2,10.0.0.2,20988,53632
2024-12-27,07:22:15,ALLOW,UDP,172.16.0.1,192.168.1.1,10001,5438
2024-12-27,07:22:15,BLOCK,UDP,10.0.0.1,172.16.0.1,4721,22655
2024-12-27,07:22:15,BLOCK,UDP,192.168.1.3,192.168.1.3,42408,30432
2024-12-27,07:22:16,ALLOW,UDP,192.168.1.1,10.0.0.2,35948,46224
2024-12-27,07:22:16,ALLOW,TCP,172.16.0.2,172.16.0.1,35929,19357
2024-12-27,07:22:16,BLOCK,TCP,172.16.0.2,192.168.1.1,46923,63544
2024-12-27,07:22:17,ALLOW,UDP,172.16.0.1,172.16.0.2,18336,29618
2024-12-27,07:22:17,ALLOW,TCP,10.0.0.1,172.16.0.2,13271,10319
2024-12-27,07:22:17,ALLOW,TCP,192.168.1.2,192.168.1.2,45129,58434
2024-12-27,07:22:18,ALLOW,UDP,172.16.0.2,192.168.1.1,21055,25667
2024-12-27,07:22:18,BLOCK,TCP,192.168.1.2,192.168.1.3,15372,62231
2024-12-27,07:22:19,ALLOW,UDP,10.0.0.2,172.16.0.2,3711,41196
2024-12-27,07:22:19,BLOCK,TCP,172.16.0.1,192.168.1.1,4787,54984
2024-12-27,07:22:19,BLOCK,UDP,192.168.1.2,10.0.0.1,59497,61294
2024-12-27,07:22:20,BLOCK,UDP,192.168.1.3,192.168.1.3,36293,50255
2024-12-27,07:22:20,ALLOW,UDP,172.16.0.2,172.16.0.1,34407,979
2024-12-27,07:22:21,BLOCK,UDP,10.0.0.2,192.168.1.3,15072,53575
2024-12-27,07:22:21,BLOCK,TCP,192.168.1.1,172.16.0.1,64950,10594
2024-12-27,07:22:21,BLOCK,UDP,192.168.1.1,10.0.0.1,17916,46780
2024-12-27,07:22:22,BLOCK,TCP,172.16.0.2,192.168.1.2,50849,15496
2024-12-27,07:22:22,BLOCK,TCP,172.16.0.2,192.168.1.3,97,37305
2024-12-27,07:22:22,BLOCK,UDP,10.0.0.1,10.0.0.1,38348,46203
2024-12-27,07:22:23,ALLOW,UDP,192.168.1.1,192.168.1.2,10759,22426
2024-12-27,07:22:23,ALLOW,UDP,192.168.1.3,10.0.0.2,34687,51304
2024-12-27,07:22:24,BLOCK,TCP,192.168.1.2,10.0.0.2,38984,13466
2024-12-27,07:22:24,BLOCK,TCP,10.0.0.1,192.168.1.1,63526,38097
2024-12-27,07:22:24,BLOCK,UDP,172.16.0.2,10.0.0.1,46648,9292
2024-12-27,07:22:25,ALLOW,TCP,192.168.1.2,10.0.0.1,43582,59954
2024-12-27,07:22:25,ALLOW,UDP,172.16.0.1,192.168.1.1,44466,39885
2024-12-27,07:22:25,BLOCK,TCP,192.168.1.3,192.168.1.1,3727,34352
2024-12-27,07:22:26,ALLOW,UDP,192.168.1.3,10.0.0.2,21072,20545
2024-12-27,07:22:26,ALLOW,UDP,192.168.1.1,10.0.0.2,18669,13988
2024-12-27,07:22:27,ALLOW,TCP,192.168.1.2,192.168.1.1,9341,50064
2024-12-27,07:22:27,BLOCK,TCP,10.0.0.1,192.168.1.2,63074,18372
2024-12-27,07:22:28,ALLOW,TCP,192.168.1.2,192.168.1.2,38435,17777
2024-12-27,07:22:28,BLOCK,TCP,192.168.1.2,10.0.0.1,63205,59975
2024-12-27,07:22:29,ALLOW,TCP,10.0.0.2,192.168.1.2,40944,60105
2024-12-27,07:22:29,BLOCK,TCP,10.0.0.1,192.168.1.2,5741,53707
2024-12-27,07:22:29,BLOCK,UDP,10.0.0.1,172.16.0.1,51232,31312
2024-12-27,07:22:30,ALLOW,TCP,172.16.0.2,192.168.1.1,62887,10315
2024-12-27,07:22:30,BLOCK,UDP,192.168.1.2,192.168.1.1,5615,8003
2024-12-27,07:22:30,BLOCK,TCP,192.168.1.1,10.0.0.2,4614,18060
2024-12-27,07:22:31,ALLOW,TCP,192.168.1.3,192.168.1.1,64732,44562
2024-12-27,07:22:31,BLOCK,TCP,10.0.0.2,10.0.0.2,37096,779
2024-12-27,07:22:32,ALLOW,UDP,192.168.1.3,10.0.0.2,3827,16399
2024-12-27,07:22:32,BLOCK,UDP,192.168.1.2,192.168.1.2,60067,15462
2024-12-27,07:22:32,ALLOW,TCP,172.16.0.2,172.16.0.1,58973,26906
2024-12-27,07:22:33,ALLOW,UDP,10.0.0.2,10.0.0.1,36448,9016
2024-12-27,07:22:33,ALLOW,TCP,172.16.0.2,10.0.0.2,27687,23899
2024-12-27,07:22:33,ALLOW,TCP,172.16.0.2,192.168.1.2,43216,46980
2024-12-27,07:22:34,ALLOW,TCP,172.16.0.2,192.168.1.2,64885,29676
2024-12-27,07:22:34,ALLOW,UDP,172.16.0.2,10.0.0.2,3697,59624
2024-12-27,07:22:34,BLOCK,UDP,10.0.0.1,10.0.0.2,25094,17301
2024-12-27,07:22:35,BLOCK,UDP,172.16.0.1,192.168.1.3,39023,29704
2024-12-27,07:22:35,BLOCK,TCP,10.0.0.1,192.168.1.3,25443,4058
2024-12-27,07:22:36,BLOCK,UDP,172.16.0.2,192.168.1.3,59178,40277
2024-12-27,07:22:36,ALLOW,TCP,192.168.1.3,192.168.1.1,59928,10008
2024-12-27,07:22:36,BLOCK,UDP,10.0.0.2,172.16.0.2,33899,3092
2024-12-27,07:22:37,ALLOW,UDP,192.168.1.1,192.168.1.3,50478,52104
2024-12-27,07:22:37,BLOCK,TCP,192.168.1.3,172.16.0.2,47138,28081
2024-12-27,07:22:38,ALLOW,UDP,192.168.1.3,192.168.1.1,12843,54188
2024-12-27,07:22:38,ALLOW,TCP,192.168.1.2,10.0.0.2,61340,22421
2024-12-27,07:22:38,ALLOW,UDP,172.16.0.2,10.0.0.2,15911,50682
2024-12-27,07:22:39,BLOCK,TCP,192.168.1.3,192.168.1.1,25669,7744
2024-12-27,07:22:39,ALLOW,UDP,192.168.1.1,192.168.1.3,30311,35105
2024-12-27,07:22:39,BLOCK,TCP,10.0.0.2,192.168.1.2,63626,1852
2024-12-27,07:22:40,ALLOW,UDP,10.0.0.1,192.168.1.2,5572,62675
2024-12-27,07:22:40,BLOCK,TCP,10.0.0.1,10.0.0.1,18298,48669
2024-12-27,07:22:41,ALLOW,TCP,10.0.0.2,172.16.0.1,54990,44746
2024-12-27,07:22:41,ALLOW,UDP,172.16.0.1,192.168.1.1,246,43169
2024-12-27,07:22:41,ALLOW,UDP,192.168.1.1,10.0.0.2,44942,24583
2024-12-27,07:22:42,BLOCK,TCP,192.168.1.1,172.16.0.2,30878,17764
2024-12-27,07:22:42,BLOCK,TCP,172.16.0.2,172.16.0.1,57302,44426
2024-12-27,07:22:42,BLOCK,UDP,192.168.1.1,192.168.1.3,11267,24308
2024-12-27,07:22:43,ALLOW,TCP,192.168.1.1,10.0.0.1,13934,41818
2024-12-27,07:22:43,ALLOW,UDP,10.0.0.1,10.0.0.1,60698,3862
2024-12-27,07:22:44,BLOCK,UDP,10.0.0.2,10.0.0.2,40010,32961
2024-12-27,07:22:44,BLOCK,TCP,10.0.0.2,172.16.0.1,24284,52508
2024-12-27,07:22:44,ALLOW,TCP,192.168.1.2,192.168.1.3,24709,17086
2024-12-27,07:22:45,BLOCK,UDP,192.168.1.2,172.16.0.2,34875,9939
2024-12-27,07:22:45,BLOCK,UDP,10.0.0.2,172.16.0.1,65230,39303
2024-12-27,07:22:46,BLOCK,TCP,192.168.1.3,172.16.0.2,29280,25351
2024-12-27,07:22:46,BLOCK,UDP,192.168.1.2,10.0.0.2,39277,36221
2024-12-27,07:22:46,BLOCK,TCP,10.0.0.2,192.168.1.2,52005,13628
2024-12-27,07:22:47,BLOCK,UDP,172.16.0.2,192.168.1.1,61895,15168
2024-12-27,07:22:47,ALLOW,TCP,192.168.1.3,10.0.0.1,6442,23242
2024-12-27,07:22:47,ALLOW,TCP,10.0.0.1,192.168.1.2,29848,3802
2024-12-27,07:22:48,ALLOW,UDP,192.168.1.3,172.16.0.2,59550,18294
2024-12-27,07:22:48,BLOCK,TCP,172.16.0.1,10.0.0.1,63544,1007
2024-12-27,07:22:49,ALLOW,TCP,172.16.0.1,10.0.0.1,61833,15388
2024-12-27,07:22:49,ALLOW,UDP,10.0.0.1,10.0.0.2,16212,21245
2024-12-27,07:22:50,ALLOW,UDP,172.16.0.1,172.16.0.2,46092,37332
2024-12-27,07:22:50,ALLOW,UDP,10.0.0.2,172.16.0.2,13931,23498
2024-12-27,07:22:51,BLOCK,UDP,192.168.1.1,10.0.0.1,43218,13116
2024-12-27,07:22:51,ALLOW,UDP,172.16.0.1,172.16.0.1,31781,48962
2024-12-27,07:22:51,BLOCK,UDP,172.16.0.1,172.16.0.2,35831,15167
2024-12-27,07:22:52,ALLOW,UDP,192.168.1.1,172.16.0.1,37272,34441
2024-12-27,07:22:52,BLOCK,TCP,172.16.0.1,192.168.1.3,26505,10115
2024-12-27,07:22:52,BLOCK,TCP,192.168.1.3,10.0.0.1,22397,32543
2024-12-27,07:22:53,ALLOW,UDP,192.168.1.3,192.168.1.2,23365,43902
2024-12-27,07:22:53,ALLOW,UDP,192.168.1.2,192.168.1.3,21675,62460
2024-12-27,07:22:54,ALLOW,UDP,192.168.1.2,172.16.0.2,5903,32878
2024-12-27,07:22:54,ALLOW,TCP,10.0.0.1,10.0.0.1,55102,56479
2024-12-27,07:22:54,BLOCK,UDP,10.0.0.2,192.168.1.3,56942,31335
2024-12-27,07:22:55,BLOCK,TCP,172.16.0.1,172.16.0.2,51329,17911
2024-12-27,07:22:55,BLOCK,TCP,192.168.1.2,192.168.1.1,51083,8749
2024-12-27,07:22:55,BLOCK,TCP,192.168.1.2,192.168.1.1,15492,5347
2024-12-27,07:22:56,BLOCK,TCP,172.16.0.1,192.168.1.1,34711,49165
2024-12-27,07:22:56,BLOCK,TCP,192.168.1.1,10.0.0.2,31979,11612
2024-12-27,07:22:57,BLOCK,TCP,10.0.0.1,192.168.1.3,7857,48264
2024-12-27,07:22:57,ALLOW,UDP,172.16.0.1,192.168.1.2,22779,24186
2024-12-27,07:22:57,ALLOW,TCP,192.168.1.1,10.0.0.2,2750,59461
2024-12-27,07:22:58,ALLOW,TCP,192.168.1.2,192.168.1.1,38866,47697
2024-12-27,07:22:58,ALLOW,TCP,192.168.1.2,172.16.0.1,38157,55333
2024-12-27,07:22:58,BLOCK,TCP,10.0.0.2,172.16.0.1,25636,1192
2024-12-27,07:22:59,ALLOW,TCP,172.16.0.2,172.16.0.2,15770,59874
2024-12-27,07:22:59,ALLOW,TCP,192.168.1.1,10.0.0.2,36919,50331
2024-12-27,07:22:59,ALLOW,UDP,10.0.0.2,10.0.0.1,13160,59295
2024-12-27,07:23:00,ALLOW,TCP,172.16.0.2,10.0.0.2,57572,50011
2024-12-27,07:23:00,ALLOW,TCP,192.168.1.3,10.0.0.2,42164,36336
2024-12-27,07:23:00,BLOCK,TCP,192.168.1.3,10.0.0.2,51750,8074
2024-12-27,07:23:01,BLOCK,UDP,192.168.1.2,192.168.1.1,64942,28553
2024-12-27,07:23:01,BLOCK,UDP,192.168.1.1,192.168.1.1,16213,54164
2024-12-27,07:23:02,ALLOW,UDP,172.16.0.1,10.0.0.1,47983,4251
2024-12-27,07:23:02,BLOCK,UDP,10.0.0.2,192.168.1.3,42830,12106
2024-12-27,07:23:02,BLOCK,UDP,192.168.1.1,172.16.0.2,17640,44161
2024-12-27,07:23:03,BLOCK,TCP,192.168.1.2,172.16.0.1,37217,30108
2024-12-27,07:23:03,BLOCK,TCP,192.168.1.3,192.168.1.3,32073,21389
2024-12-27,07:23:03,ALLOW,UDP,192.168.1.2,192.168.1.2,38547,4634
2024-12-27,07:23:04,BLOCK,TCP,10.0.0.2,10.0.0.2,6805,21720
2024-12-27,07:23:04,BLOCK,TCP,192.168.1.3,10.0.0.2,994,57642
2024-12-27,07:23:05,BLOCK,UDP,172.16.0.1,192.168.1.3,1596,24291
2024-12-27,07:23:05,BLOCK,UDP,192.168.1.2,192.168.1.3,23212,64445
2024-12-27,07:23:05,BLOCK,TCP,10.0.0.1,192.168.1.3,6950,42232
2024-12-27,07:23:06,ALLOW,UDP,192.168.1.2,10.0.0.2,46119,39668
2024-12-27,07:23:06,ALLOW,TCP,192.168.1.2,172.16.0.1,15691,33306
2024-12-27,07:23:06,ALLOW,UDP,192.168.1.3,10.0.0.2,38862,28625
2024-12-27,07:23:07,BLOCK,TCP,10.0.0.1,192.168.1.1,3969,22018
2024-12-27,07:23:07,BLOCK,TCP,172.16.0.1,172.16.0.1,40339,21005
2024-12-27,07:23:07,ALLOW,TCP,192.168.1.3,192.168.1.2,52390,41436
2024-12-27,07:23:08,ALLOW,UDP,192.168.1.3,192.168.1.1,22030,59907
2024-12-27,07:23:08,ALLOW,UDP,172.16.0.2,192.168.1.3,29740,28680
2024-12-27,07:23:09,ALLOW,TCP,172.16.0.2,10.0.0.2,60254,37774
2024-12-27,07:23:09,BLOCK,UDP,192.168.1.3,10.0.0.2,11264,6173
2024-12-27,07:23:10,ALLOW,TCP,192.168.1.2,192.168.1.2,59657,5410
2024-12-27,07:23:10,BLOCK,TCP,192.168.1.1,172.16.0.1,19006,8912
2024-12-27,07:23:10,ALLOW,UDP,192.168.1.1,172.16.0.2,45229,24109
2024-12-27,07:23:11,ALLOW,UDP,192.168.1.1,192.168.1.3,57894,63264
2024-12-27,07:23:11,ALLOW,UDP,10.0.0.2,172.16.0.1,47015,52672
2024-12-27,07:23:12,BLOCK,UDP,10.0.0.1,172.16.0.2,15313,27827
2024-12-27,07:23:12,BLOCK,UDP,192.168.1.1,10.0.0.2,59840,59595
2024-12-27,07:23:12,ALLOW,UDP,10.0.0.2,192.168.1.2,59441,63930
2024-12-27,07:23:13,BLOCK,TCP,172.16.0.2,172.16.0.1,11413,3597
2024-12-27,07:23:13,ALLOW,TCP,172.16.0.1,10.0.0.1,34434,3811
2024-12-27,07:23:13,BLOCK,UDP,172.16.0.2,172.16.0.1,8246,1906
2024-12-27,07:23:14,ALLOW,UDP,10.0.0.2,172.16.0.2,8756,2491
2024-12-27,07:23:14,ALLOW,TCP,192.168.1.2,10.0.0.1,7463,23333
2024-12-27,07:23:14,BLOCK,TCP,192.168.1.2,192.168.1.1,56744,61946
2024-12-27,07:23:15,ALLOW,TCP,172.16.0.2,10.0.0.2,41863,64628
2024-12-27,07:23:15,ALLOW,TCP,192.168.1.2,192.168.1.3,46888,8102
2024-12-27,07:23:15,ALLOW,UDP,10.0.0.2,172.16.0.1,53153,33186
2024-12-27,07:23:16,BLOCK,TCP,10.0.0.2,172.16.0.1,58769,34385
2024-12-27,07:23:16,BLOCK,UDP,192.168.1.2,10.0.0.1,58402,23867
2024-12-27,07:23:17,BLOCK,TCP,192.168.1.3,192.168.1.2,27329,63564
2024-12-27,07:23:17,BLOCK,TCP,172.16.0.2,192.168.1.1,49716,26271
2024-12-27,07:23:17,BLOCK,TCP,192.168.1.2,172.16.0.2,6266,31634
2024-12-27,07:23:18,ALLOW,UDP,192.168.1.2,192.168.1.1,62898,22040
2024-12-27,07:23:18,BLOCK,UDP,192.168.1.2,172.16.0.1,38296,47176
2024-12-27,07:23:18,ALLOW,TCP,192.168.1.3,172.16.0.1,48138,54781
2024-12-27,07:23:19,BLOCK,UDP,10.0.0.1,172.16.0.2,64354,7190
2024-12-27,07:23:19,ALLOW,TCP,192.168.1.3,172.16.0.1,53995,64809
2024-12-27,07:23:19,BLOCK,TCP,10.0.0.1,192.168.1.3,8375,46957
2024-12-27,07:23:20,BLOCK,UDP,172.16.0.2,10.0.0.2,34567,53043
2024-12-27,07:23:20,ALLOW,UDP,192.168.1.1,172.16.0.1,29706,28889
2024-12-27,07:23:21,BLOCK,UDP,192.168.1.2,192.168.1.3,65225,56654
2024-12-27,07:23:21,ALLOW,TCP,192.168.1.2,192.168.1.1,11700,2350
2024-12-27,07:23:21,ALLOW,TCP,192.168.1.2,192.168.1.2,64854,64350
2024-12-27,07:23:22,BLOCK,UDP,172.16.0.1,10.0.0.1,47136,41825
2024-12-27,07:23:22,BLOCK,UDP,192.168.1.1,172.16.0.1,57217,46823
2024-12-27,07:23:22,ALLOW,TCP,192.168.1.1,172.16.0.1,22714,5662
2024-12-27,07:23:23,ALLOW,UDP,10.0.0.2,10.0.0.2,42303,61814
2024-12-27,07:23:23,BLOCK,TCP,10.0.0.2,172.16.0.2,52186,19362
2024-12-27,07:23:24,ALLOW,UDP,192.168.1.1,10.0.0.2,37212,64668
2024-12-27,07:23:24,ALLOW,TCP,192.168.1.3,192.168.1.2,6785,27690
2024-12-27,07:23:24,BLOCK,TCP,10.0.0.2,172.16.0.2,18787,45673
2024-12-27,07:23:25,ALLOW,UDP,192.168.1.3,172.16.0.2,45955,29249
2024-12-27,07:23:25,ALLOW,UDP,172.16.0.1,192.168.1.3,26017,24635
2024-12-27,07:23:25,ALLOW,UDP,192.168.1.1,10.0.0.1,21840,27506
2024-12-27,07:23:26,ALLOW,UDP,192.168.1.2,192.168.1.1,9213,29908
2024-12-27,07:23:26,ALLOW,UDP,172.16.0.2,10.0.0.2,45325,24889
2024-12-27,07:23:26,BLOCK,UDP,10.0.0.2,192.168.1.2,29576,43756
2024-12-27,07:23:27,BLOCK,TCP,172.16.0.2,10.0.0.2,24256,12281
2024-12-27,07:23:27,ALLOW,UDP,172.16.0.1,172.16.0.1,23741,64125
2024-12-27,07:23:27,BLOCK,UDP,192.168.1.2,192.168.1.3,24529,17874
2024-12-27,07:23:28,ALLOW,TCP,192.168.1.2,172.16.0.2,20265,34286
2024-12-27,07:23:28,ALLOW,UDP,192.168.1.1,192.168.1.1,5333,8553
2024-12-27,07:23:29,ALLOW,TCP,10.0.0.1,172.16.0.2,43914,9182
2024-12-27,07:23:29,ALLOW,TCP,10.0.0.1,172.16.0.1,49039,18815
2024-12-27,07:23:29,ALLOW,UDP,10.0.0.2,10.0.0.1,37113,37246
2024-12-27,07:23:30,ALLOW,UDP,172.16.0.2,172.16.0.2,3349,38332
2024-12-27,07:23:30,BLOCK,TCP,172.16.0.2,172.16.0.1,7557,4852
2024-12-27,07:23:30,BLOCK,UDP,172.16.0.1,172.16.0.2,11616,20308
2024-12-27,07:23:31,BLOCK,UDP,10.0.0.2,10.0.0.2,15050,40812
2024-12-27,07:23:31,ALLOW,TCP,172.16.0.1,172.16.0.2,61710,39284
2024-12-27,07:23:31,ALLOW,UDP,172.16.0.2,172.16.0.1,7136,33214
2024-12-27,07:23:32,BLOCK,UDP,172.16.0.2,10.0.0.2,21116,27668
2024-12-27,07:23:32,BLOCK,UDP,172.16.0.2,10.0.0.2,9488,21028
2024-12-27,07:23:33,ALLOW,TCP,192.168.1.2,192.168.1.1,47750,15406
2024-12-27,07:23:33,BLOCK,TCP,172.16.0.2,192.168.1.1,54874,45566
2024-12-27,07:23:34,ALLOW,TCP,10.0.0.1,172.16.0.1,23392,20102
2024-12-27,07:23:34,BLOCK,TCP,192.168.1.1,172.16.0.2,41209,4738
2024-12-27,07:23:34,BLOCK,UDP,172.16.0.2,192.168.1.1,58448,38046
2024-12-27,07:23:35,ALLOW,TCP,172.16.0.1,192.168.1.2,7264,19919
2024-12-27,07:23:35,BLOCK,UDP,10.0.0.1,192.168.1.1,40650,16274
2024-12-27,07:23:36,ALLOW,UDP,10.0.0.2,10.0.0.1,2371,34409
2024-12-27,07:23:36,ALLOW,TCP,192.168.1.2,10.0.0.2,55360,63553
2024-12-27,07:23:37,ALLOW,UDP,10.0.0.2,10.0.0.2,53954,16030
2024-12-27,07:23:37,BLOCK,TCP,192.168.1.1,192.168.1.1,10626,59003
2024-12-27,07:23:37,ALLOW,TCP,10.0.0.1,192.168.1.3,64951,26292
2024-12-27,07:23:38,ALLOW,UDP,172.16.0.1,192.168.1.1,13901,35668
2024-12-27,07:23:38,ALLOW,TCP,10.0.0.1,10.0.0.1,14561,46382
2024-12-27,07:23:39,ALLOW,UDP,192.168.1.3,192.168.1.2,17646,32224
2024-12-27,07:23:39,BLOCK,TCP,10.0.0.2,10.0.0.2,24507,19985
2024-12-27,07:23:40,ALLOW,UDP,10.0.0.2,172.16.0.2,42218,1690
2024-12-27,07:23:40,BLOCK,TCP,10.0.0.1,192.168.1.2,25029,21819
2024-12-27,07:23:41,BLOCK,TCP,172.16.0.1,172.16.0.1,4283,33885
2024-12-27,07:23:41,BLOCK,UDP,172.16.0.2,10.0.0.1,20052,38501
2024-12-27,07:23:41,BLOCK,UDP,192.168.1.2,172.16.0.2,58656,61292
2024-12-27,07:23:42,ALLOW,UDP,192.168.1.2,192.168.1.3,49622,5392
2024-12-27,07:23:42,ALLOW,UDP,192.168.1.1,10.0.0.2,38657,32567
2024-12-27,07:23:43,BLOCK,UDP,10.0.0.2,10.0.0.2,17989,30224
2024-12-27,07:23:43,BLOCK,UDP,192.168.1.1,172.16.0.2,56848,56636
2024-12-27,07:23:43,BLOCK,TCP,10.0.0.1,172.16.0.1,4116,11408
2024-12-27,07:23:44,ALLOW,TCP,172.16.0.2,172.16.0.2,58019,38064
2024-12-27,07:23:44,ALLOW,UDP,192.168.1.3,192.168.1.3,11515,5640
2024-12-27,07:23:44,ALLOW,UDP,192.168.1.1,172.16.0.1,44356,30312
2024-12-27,07:23:45,BLOCK,UDP,192.168.1.3,172.16.0.1,36055,58588
2024-12-27,07:23:45,BLOCK,TCP,192.168.1.3,192.168.1.1,53507,49295
2024-12-27,07:23:46,BLOCK,TCP,10.0.0.2,192.168.1.1,49970,13647
2024-12-27,07:23:46,ALLOW,UDP,10.0.0.1,192.168.1.1,10584,27160
2024-12-27,07:23:47,BLOCK,UDP,10.0.0.2,192.168.1.1,8706,4971
2024-12-27,07:23:47,BLOCK,UDP,172.16.0.1,172.16.0.1,3530,44640
2024-12-27,07:23:48,BLOCK,TCP,172.16.0.1,172.16.0.2,17677,7776
2024-12-27,07:23:48,BLOCK,TCP,172.16.0.2,172.16.0.1,3245,53091
2024-12-27,07:23:49,ALLOW,UDP,10.0.0.2,10.0.0.1,11192,41050
2024-12-27,07:23:49,BLOCK,TCP,192.168.1.3,192.168.1.2,43257,45702
2024-12-27,07:23:49,BLOCK,TCP,10.0.0.2,10.0.0.2,15259,52299
2024-12-27,07:23:50,BLOCK,UDP,10.0.0.1,172.16.0.1,59980,25080
2024-12-27,07:23:50,BLOCK,TCP,10.0.0.2,192.168.1.2,46591,32255
2024-12-27,07:23:50,BLOCK,TCP,192.168.1.2,192.168.1.3,39215,55315
2024-12-27,07:23:51,BLOCK,TCP,172.16.0.1,172.16.0.1,65317,51458
2024-12-27,07:23:51,ALLOW,TCP,10.0.0.2,192.168.1.2,61486,35980
2024-12-27,07:23:52,ALLOW,UDP,192.168.1.1,192.168.1.3,56009,19486
2024-12-27,07:23:52,ALLOW,UDP,10.0.0.2,192.168.1.1,60626,28334
2024-12-27,07:23:53,BLOCK,TCP,10.0.0.1,192.168.1.2,33481,49929
2024-12-27,07:23:53,ALLOW,TCP,172.16.0.1,192.168.1.3,34340,27711
2024-12-27,07:23:53,ALLOW,UDP,172.16.0.1,172.16.0.2,43967,34101
2024-12-27,07:23:54,ALLOW,TCP,172.16.0.2,10.0.0.1,3423,40260
2024-12-27,07:23:54,ALLOW,TCP,10.0.0.1,172.16.0.1,44776,25623
2024-12-27,07:23:55,BLOCK,UDP,172.16.0.2,192.168.1.1,10856,57179
2024-12-27,07:23:55,ALLOW,TCP,10.0.0.2,10.0.0.2,12286,37652
2024-12-27,07:23:56,ALLOW,UDP,192.168.1.3,192.168.1.2,20785,15955
2024-12-27,07:23:56,BLOCK,UDP,10.0.0.1,10.0.0.2,36123,5837
2024-12-27,07:23:56,ALLOW,UDP,192.168.1.3,172.16.0.2,60801,22280
2024-12-27,07:23:57,BLOCK,TCP,172.16.0.1,192.168.1.2,51597,9420
2024-12-27,07:23:57,ALLOW,TCP,192.168.1.2,192.168.1.2,36171,22193
2024-12-27,07:23:58,ALLOW,TCP,172.16.0.2,172.16.0.1,23255,47643
2024-12-27,07:23:58,ALLOW,UDP,172.16.0.2,192.168.1.3,35571,56749
2024-12-27,07:23:58,BLOCK,TCP,10.0.0.2,10.0.0.2,12887,16784
2024-12-27,07:23:59,ALLOW,TCP,172.16.0.2,172.16.0.1,34608,64148
2024-12-27,07:23:59,BLOCK,UDP,10.0.0.1,172.16.0.1,61465,53449
2024-12-27,07:24:00,BLOCK,TCP,192.168.1.3,192.168.1.2,41181,4656
2024-12-27,07:24:00,ALLOW,TCP,10.0.0.1,192.168.1.2,16752,38757
2024-12-27,07:24:00,ALLOW,TCP,192.168.1.1,172.16.0.2,34895,56078
2024-12-27,07:24:01,BLOCK,UDP,192.168.1.1,192.168.1.1,63394,19996
2024-12-27,07:24:01,ALLOW,UDP,10.0.0.1,192.168.1.3,54067,41104
2024-12-27,07:24:02,ALLOW,UDP,10.0.0.1,192.168.1.2,46355,57843
2024-12-27,07:24:02,BLOCK,TCP,192.168.1.1,192.168.1.2,12193,38573
2024-12-27,07:24:02,ALLOW,TCP,192.168.1.2,172.16.0.1,42167,38279
2024-12-27,07:24:03,ALLOW,UDP,192.168.1.1,192.168.1.3,61772,24585
2024-12-27,07:24:03,BLOCK,UDP,192.168.1.1,172.16.0.1,13198,51601
2024-12-27,07:24:03,ALLOW,TCP,10.0.0.1,192.168.1.2,26976,51021
2024-12-27,07:24:04,BLOCK,TCP,192.168.1.3,10.0.0.2,13629,24579
2024-12-27,07:24:04,BLOCK,UDP,172.16.0.2,10.0.0.2,27571,25715
2024-12-27,07:24:05,ALLOW,UDP,172.16.0.1,172.16.0.2,53316,24343
2024-12-27,07:24:05,ALLOW,UDP,172.16.0.1,172.16.0.2,31040,53374
2024-12-27,07:24:06,ALLOW,TCP,10.0.0.1,10.0.0.1,52834,49377
2024-12-27,07:24:06,BLOCK,TCP,172.16.0.1,192.168.1.3,59138,36453
2024-12-27,07:24:07,BLOCK,TCP,192.168.1.1,172.16.0.2,57160,43948
2024-12-27,07:24:07,ALLOW,TCP,172.16.0.1,10.0.0.1,45642,52713
2024-12-27,07:24:07,ALLOW,UDP,172.16.0.2,192.168.1.2,37337,1549
2024-12-27,07:24:08,ALLOW,TCP,10.0.0.1,192.168.1.1,6368,10933
2024-12-27,07:24:08,ALLOW,TCP,172.16.0.2,10.0.0.2,64597,56016
2024-12-27,07:24:08,BLOCK,UDP,10.0.0.1,192.168.1.1,57061,17400
2024-12-27,07:24:09,BLOCK,UDP,10.0.0.2,172.16.0.1,39846,32232
2024-12-27,07:24:09,ALLOW,TCP,172.16.0.1,10.0.0.1,49293,52829
2024-12-27,07:24:10,BLOCK,UDP,172.16.0.2,172.16.0.2,58113,62956
2024-12-27,07:24:10,ALLOW,UDP,172.16.0.1,192.168.1.2,63941,10924
2024-12-27,07:24:10,ALLOW,UDP,10.0.0.2,192.168.1.1,24634,10680
2024-12-27,07:24:11,ALLOW,TCP,172.16.0.2,10.0.0.1,63644,46383
2024-12-27,07:24:11,ALLOW,TCP,172.16.0.1,192.168.1.3,513,7620
2024-12-27,07:24:11,BLOCK,UDP,192.168.1.2,10.0.0.2,59984,53780
2024-12-27,07:24:12,BLOCK,TCP,10.0.0.1,10.0.0.2,63334,5395
2024-12-27,07:24:12,ALLOW,UDP,172.16.0.2,192.168.1.3,17702,9874
2024-12-27,07:24:12,BLOCK,UDP,10.0.0.1,192.168.1.1,50926,14110
2024-12-27,07:24:13,ALLOW,UDP,10.0.0.1,192.168.1.3,1499,23383
2024-12-27,07:24:13,BLOCK,UDP,172.16.0.1,192.168.1.3,48365,21424
2024-12-27,07:24:13,ALLOW,TCP,10.0.0.1,192.168.1.1,28535,16914
2024-12-27,07:24:14,ALLOW,UDP,10.0.0.2,172.16.0.1,65146,29185
2024-12-27,07:24:14,BLOCK,UDP,172.16.0.1,192.168.1.1,38822,55243
2024-12-27,07:24:15,BLOCK,TCP,10.0.0.2,192.168.1.2,12039,57086
2024-12-27,07:24:15,ALLOW,TCP,172.16.0.2,192.168.1.3,18283,63720
2024-12-27,07:24:15,ALLOW,UDP,172.16.0.1,10.0.0.2,23353,41576
2024-12-27,07:24:16,ALLOW,TCP,172.16.0.1,10.0.0.1,4691,23454
2024-12-27,07:24:16,ALLOW,UDP,192.168.1.1,10.0.0.2,50897,39015
2024-12-27,07:24:17,BLOCK,UDP,10.0.0.2,10.0.0.2,61820,48368
2024-12-27,07:24:17,ALLOW,TCP,10.0.0.1,10.0.0.2,64005,35845
2024-12-27,07:24:17,ALLOW,TCP,192.168.1.1,10.0.0.2,45939,30359
2024-12-27,07:24:18,ALLOW,UDP,192.168.1.1,172.16.0.2,40645,4808
2024-12-27,07:24:18,BLOCK,TCP,192.168.1.3,172.16.0.1,36531,22685
2024-12-27,07:24:18,ALLOW,TCP,192.168.1.1,192.168.1.1,65525,33895
2024-12-27,07:24:19,ALLOW,UDP,172.16.0.1,10.0.0.1,55550,554
2024-12-27,07:24:19,BLOCK,TCP,172.16.0.2,172.16.0.2,9700,11521
2024-12-27,07:24:19,BLOCK,UDP,192.168.1.1,192.168.1.3,6607,6837
2024-12-27,07:24:20,BLOCK,TCP,192.168.1.2,192.168.1.2,60433,39147
2024-12-27,07:24:20,ALLOW,TCP,192.168.1.2,192.168.1.1,14919,40795
2024-12-27,07:24:20,BLOCK,TCP,10.0.0.2,10.0.0.1,5145,34134
2024-12-27,07:24:21,BLOCK,TCP,192.168.1.2,10.0.0.1,53,28472
2024-12-27,07:24:21,ALLOW,TCP,172.16.0.1,192.168.1.3,23091,10983
2024-12-27,07:24:22,BLOCK,UDP,192.168.1.3,172.16.0.1,32836,44764
2024-12-27,07:24:22,BLOCK,UDP,10.0.0.1,192.168.1.2,12490,6041
2024-12-27,07:24:22,ALLOW,UDP,192.168.1.2,192.168.1.2,42901,47363
2024-12-27,07:24:23,ALLOW,UDP,172.16.0.1,172.16.0.2,57998,62226
2024-12-27,07:24:23,ALLOW,UDP,192.168.1.2,10.0.0.2,16809,25039
2024-12-27,07:24:23,ALLOW,UDP,10.0.0.2,172.16.0.1,51282,44283
2024-12-27,07:24:24,BLOCK,TCP,10.0.0.1,172.16.0.1,35519,22221
2024-12-27,07:24:24,BLOCK,TCP,10.0.0.2,172.16.0.1,557,7480
2024-12-27,07:24:24,BLOCK,UDP,172.16.0.1,192.168.1.3,7523,48249
2024-12-27,07:24:25,BLOCK,TCP,192.168.1.2,172.16.0.1,14028,52773
2024-12-27,07:24:25,BLOCK,TCP,192.168.1.3,172.16.0.1,40331,21916
2024-12-27,07:24:26,ALLOW,TCP,192.168.1.3,192.168.1.1,36986,33671
2024-12-27,07:24:26,BLOCK,UDP,10.0.0.2,10.0.0.2,14623,64293
2024-12-27,07:24:26,BLOCK,UDP,192.168.1.1,10.0.0.1,40649,7409
2024-12-27,07:24:27,ALLOW,UDP,192.168.1.3,172.16.0.1,56147,52081
2024-12-27,07:24:27,ALLOW,TCP,10.0.0.1,172.16.0.2,30147,39403
2024-12-27,07:24:27,ALLOW,UDP,10.0.0.2,192.168.1.2,38839,15020
2024-12-27,07:24:28,BLOCK,UDP,192.168.1.3,172.16.0.2,59771,11447
2024-12-27,07:24:28,BLOCK,UDP,192.168.1.2,192.168.1.3,19030,4085
2024-12-27,07:24:28,ALLOW,TCP,10.0.0.1,10.0.0.1,13956,15339
2024-12-27,07:24:29,ALLOW,UDP,172.16.0.2,10.0.0.2,62175,2366
2024-12-27,07:24:29,BLOCK,UDP,192.168.1.3,10.0.0.2,62323,19343
2024-12-27,07:24:29,BLOCK,TCP,192.168.1.3,192.168.1.2,32392,18293
2024-12-27,07:24:30,BLOCK,TCP,172.16.0.1,192.168.1.1,39821,53054
2024-12-27,07:24:30,BLOCK,TCP,172.16.0.2,172.16.0.1,23562,40943
2024-12-27,07:24:31,BLOCK,UDP,172.16.0.1,172.16.0.2,28838,40485
2024-12-27,07:24:31,ALLOW,UDP,172.16.0.2,172.16.0.1,30430,62914
2024-12-27,07:24:31,BLOCK,UDP,192.168.1.3,172.16.0.2,1870,1630
2024-12-27,07:24:32,BLOCK,UDP,192.168.1.1,192.168.1.2,60281,5050
2024-12-27,07:24:32,ALLOW,UDP,172.16.0.2,192.168.1.1,18788,61391
2024-12-27,07:24:33,BLOCK,TCP,192.168.1.1,10.0.0.1,58973,19667
2024-12-27,07:24:33,BLOCK,UDP,192.168.1.3,172.16.0.2,45154,8014
2024-12-27,07:24:34,ALLOW,TCP,10.0.0.1,192.168.1.3,12504,10033
2024-12-27,07:24:34,ALLOW,TCP,172.16.0.1,10.0.0.2,42533,65341
2024-12-27,07:24:35,ALLOW,TCP,192.168.1.2,172.16.0.1,41161,57657
2024-12-27,07:24:35,ALLOW,UDP,172.16.0.1,10.0.0.1,23023,26311
2024-12-27,07:24:36,BLOCK,UDP,172.16.0.2,172.16.0.2,7651,37575
2024-12-27,07:24:36,ALLOW,UDP,10.0.0.1,10.0.0.1,18671,24447
2024-12-27,07:24:36,BLOCK,UDP,10.0.0.1,192.168.1.3,4845,3826
2024-12-27,07:24:37,BLOCK,UDP,10.0.0.2,10.0.0.2,3674,30935
2024-12-27,07:24:37,ALLOW,TCP,172.16.0.2,172.16.0.1,24661,20584
2024-12-27,07:24:37,BLOCK,UDP,192.168.1.2,10.0.0.1,45944,17906
2024-12-27,07:24:38,BLOCK,UDP,172.16.0.1,192.168.1.2,3992,61168
2024-12-27,07:24:38,BLOCK,UDP,192.168.1.2,10.0.0.2,40264,10530
2024-12-27,07:24:39,BLOCK,UDP,192.168.1.1,192.168.1.2,56031,41896
2024-12-27,07:24:39,BLOCK,TCP,192.168.1.2,192.168.1.1,62097,18139
2024-12-27,07:24:39,BLOCK,TCP,192.168.1.1,192.168.1.3,53212,55118
2024-12-27,07:24:40,ALLOW,TCP,10.0.0.2,172.16.0.2,56371,52371
2024-12-27,07:24:40,ALLOW,TCP,10.0.0.2,172.16.0.2,19488,13716
2024-12-27,07:24:40,BLOCK,UDP,172.16.0.2,192.168.1.1,12702,46234
2024-12-27,07:24:41,ALLOW,TCP,192.168.1.1,10.0.0.2,42557,33412
2024-12-27,07:24:41,BLOCK,TCP,192.168.1.1,172.16.0.2,51107,49526
2024-12-27,07:24:42,BLOCK,UDP,192.168.1.2,192.168.1.2,32914,31666
2024-12-27,07:24:43,ALLOW,TCP,192.168.1.3,192.168.1.1,38544,17428
2024-12-27,07:24:43,ALLOW,UDP,172.16.0.2,172.16.0.1,17326,60917
2024-12-27,07:24:44,BLOCK,TCP,172.16.0.2,10.0.0.2,48853,26177
2024-12-27,07:24:45,ALLOW,UDP,10.0.0.1,10.0.0.2,35438,48214
2024-12-27,07:24:45,BLOCK,TCP,172.16.0.2,192.168.1.2,6397,32903
2024-12-27,07:24:46,ALLOW,TCP,172.16.0.2,192.168.1.2,54847,7893
2024-12-27,07:24:46,ALLOW,TCP,172.16.0.1,192.168.1.3,951,35774
2024-12-27,07:24:47,ALLOW,UDP,192.168.1.2,172.16.0.1,3456,8529
2024-12-27,07:24:47,BLOCK,TCP,172.16.0.2,10.0.0.1,64877,41022
2024-12-27,07:24:48,BLOCK,UDP,172.16.0.2,172.16.0.1,58271,47535
2024-12-27,07:24:48,ALLOW,UDP,172.16.0.1,192.168.1.2,40253,41527
2024-12-27,07:24:49,BLOCK,UDP,192.168.1.2,10.0.0.1,35262,16408
2024-12-27,07:24:50,ALLOW,UDP,192.168.1.1,10.0.0.1,15370,65302
2024-12-27,07:24:50,ALLOW,TCP,192.168.1.2,172.16.0.1,30500,48548
2024-12-27,07:24:50,BLOCK,UDP,10.0.0.1,172.16.0.2,46211,35683
2024-12-27,07:24:51,ALLOW,UDP,10.0.0.2,192.168.1.2,28951,6373
2024-12-27,07:24:51,BLOCK,UDP,172.16.0.1,10.0.0.2,40381,51015
2024-12-27,07:24:52,BLOCK,UDP,192.168.1.2,192.168.1.1,17693,11184
2024-12-27,07:24:52,ALLOW,UDP,192.168.1.2,172.16.0.1,59068,16026
2024-12-27,07:24:53,ALLOW,UDP,172.16.0.1,172.16.0.1,26038,7214
2024-12-27,07:24:53,ALLOW,TCP,10.0.0.2,10.0.0.1,37305,22213
2024-12-27,07:24:53,BLOCK,UDP,172.16.0.2,192.168.1.2,19085,64353
2024-12-27,07:24:54,ALLOW,TCP,10.0.0.1,192.168.1.1,63060,60414
2024-12-27,07:24:54,BLOCK,TCP,10.0.0.2,172.16.0.2,60266,7025
2024-12-27,07:24:54,ALLOW,UDP,192.168.1.3,10.0.0.1,45322,31477
2024-12-27,07:24:55,BLOCK,TCP,172.16.0.1,192.168.1.1,45692,23742
2024-12-27,07:24:55,ALLOW,TCP,172.16.0.1,10.0.0.1,15446,904
2024-12-27,07:24:56,BLOCK,TCP,172.16.0.2,10.0.0.2,45226,41718
2024-12-27,07:24:56,BLOCK,TCP,172.16.0.2,10.0.0.1,5590,2583
2024-12-27,07:24:56,ALLOW,TCP,192.168.1.2,192.168.1.2,26976,13424
2024-12-27,07:24:57,ALLOW,UDP,192.168.1.1,192.168.1.3,65151,13658
2024-12-27,07:24:57,BLOCK,UDP,192.168.1.1,192.168.1.3,57450,54807
2024-12-27,07:24:57,ALLOW,TCP,192.168.1.3,192.168.1.3,45194,41825
2024-12-27,07:24:58,ALLOW,UDP,192.168.1.1,172.16.0.2,56554,37940
2024-12-27,07:24:58,ALLOW,TCP,192.168.1.2,10.0.0.2,34936,28183
2024-12-27,07:24:58,ALLOW,UDP,10.0.0.1,192.168.1.1,27829,16056
2024-12-27,07:24:59,BLOCK,UDP,192.168.1.3,10.0.0.1,24619,25799
2024-12-27,07:24:59,BLOCK,UDP,10.0.0.2,172.16.0.2,13034,9677
2024-12-27,07:24:59,ALLOW,TCP,172.16.0.1,172.16.0.1,5854,51867
2024-12-27,07:25:00,ALLOW,TCP,192.168.1.2,172.16.0.1,12541,50365
2024-12-27,07:25:00,ALLOW,TCP,192.168.1.1,192.168.1.2,60148,51369
2024-12-27,07:25:01,BLOCK,UDP,192.168.1.3,10.0.0.2,34628,21116
2024-12-27,07:25:01,BLOCK,TCP,10.0.0.1,10.0.0.2,33756,9254
2024-12-27,07:25:01,ALLOW,UDP,172.16.0.2,192.168.1.2,9246,4733
2024-12-27,07:25:02,BLOCK,UDP,192.168.1.2,172.16.0.1,27474,48531
2024-12-27,07:25:02,BLOCK,UDP,192.168.1.1,172.16.0.2,49170,35174
2024-12-27,07:25:02,BLOCK,TCP,172.16.0.1,172.16.0.1,1471,19276
2024-12-27,07:25:03,BLOCK,UDP,192.168.1.3,172.16.0.1,3949,60410
2024-12-27,07:25:03,ALLOW,UDP,10.0.0.2,192.168.1.2,33851,32195
2024-12-27,07:25:03,BLOCK,TCP,192.168.1.1,10.0.0.2,21555,9992
2024-12-27,07:25:04,BLOCK,TCP,192.168.1.3,10.0.0.2,19690,57968
2024-12-27,07:25:04,ALLOW,UDP,10.0.0.2,192.168.1.2,27342,59033
2024-12-27,07:25:05,BLOCK,TCP,192.168.1.2,192.168.1.2,32645,64320
2024-12-27,07:25:05,BLOCK,TCP,192.168.1.3,10.0.0.2,36596,31436
2024-12-27,07:25:05,BLOCK,UDP,192.168.1.1,192.168.1.3,51242,60169
2024-12-27,07:25:06,BLOCK,UDP,172.16.0.1,192.168.1.1,57460,23428
2024-12-27,07:25:06,BLOCK,TCP,192.168.1.3,10.0.0.1,39070,18404
2024-12-27,07:25:06,ALLOW,TCP,192.168.1.3,10.0.0.1,47436,60654
2024-12-27,07:25:07,BLOCK,TCP,172.16.0.1,192.168.1.1,56686,45604
2024-12-27,07:25:07,ALLOW,TCP,172.16.0.2,172.16.0.2,15954,34851
2024-12-27,07:25:08,ALLOW,TCP,192.168.1.1,192.168.1.1,24700,21614
2024-12-27,07:25:08,BLOCK,TCP,192.168.1.1,172.16.0.2,51961,15055
2024-12-27,07:25:08,BLOCK,TCP,172.16.0.1,172.16.0.2,52579,65466
2024-12-27,07:25:09,BLOCK,UDP,192.168.1.1,10.0.0.2,41613,54167
2024-12-27,07:25:09,BLOCK,UDP,192.168.1.1,192.168.1.1,628,2646
2024-12-27,07:25:09,ALLOW,TCP,10.0.0.1,192.168.1.3,34909,54795
2024-12-27,07:25:10,ALLOW,TCP,172.16.0.1,192.168.1.1,10355,62161
2024-12-27,07:25:10,ALLOW,TCP,172.16.0.2,192.168.1.2,56490,27933
2024-12-27,07:25:11,BLOCK,TCP,172.16.0.2,10.0.0.1,37423,52678
2024-12-27,07:25:11,BLOCK,TCP,192.168.1.3,172.16.0.1,23860,4547
2024-12-27,07:25:11,BLOCK,UDP,172.16.0.1,172.16.0.1,64076,52348
2024-12-27,07:25:12,BLOCK,UDP,192.168.1.3,10.0.0.1,13523,7157
2024-12-27,07:25:12,BLOCK,UDP,172.16.0.1,192.168.1.3,20842,53537
2024-12-27,07:25:12,BLOCK,UDP,10.0.0.2,192.168.1.3,48892,57637
2024-12-27,07:25:13,ALLOW,TCP,192.168.1.1,10.0.0.2,10045,47676
2024-12-27,07:25:13,ALLOW,UDP,172.16.0.2,172.16.0.2,48451,39904
2024-12-27,07:25:13,ALLOW,TCP,10.0.0.2,172.16.0.2,29507,5095
2024-12-27,07:25:14,BLOCK,UDP,10.0.0.2,192.168.1.1,45858,20227
2024-12-27,07:25:14,ALLOW,TCP,192.168.1.1,172.16.0.2,21311,23352
2024-12-27,07:25:15,BLOCK,UDP,192.168.1.3,10.0.0.1,36574,18534
2024-12-27,07:25:15,BLOCK,UDP,10.0.0.1,10.0.0.2,20093,42394
2024-12-27,07:25:15,BLOCK,UDP,10.0.0.1,192.168.1.1,36593,7047
2024-12-27,07:25:16,ALLOW,UDP,172.16.0.1,10.0.0.1,52816,12820
2024-12-27,07:25:16,ALLOW,TCP,10.0.0.1,192.168.1.2,33664,22737
2024-12-27,07:25:17,ALLOW,TCP,192.168.1.3,172.16.0.1,28945,33033
2024-12-27,07:25:17,ALLOW,TCP,172.16.0.2,172.16.0.1,17829,24234
2024-12-27,07:25:17,BLOCK,TCP,192.168.1.2,172.16.0.2,10870,9812
2024-12-27,07:25:18,ALLOW,TCP,10.0.0.1,172.16.0.2,13255,64521
2024-12-27,07:25:18,ALLOW,TCP,172.16.0.1,192.168.1.2,21485,47543
2024-12-27,07:25:19,ALLOW,UDP,172.16.0.2,10.0.0.1,18255,15886
2024-12-27,07:25:19,ALLOW,TCP,10.0.0.2,10.0.0.1,62822,1003
2024-12-27,07:25:19,BLOCK,UDP,192.168.1.2,192.168.1.3,63677,20224
2024-12-27,07:25:20,BLOCK,UDP,192.168.1.2,10.0.0.2,31621,45806
2024-12-27,07:25:20,ALLOW,UDP,172.16.0.1,192.168.1.3,59981,23160
2024-12-27,07:25:21,BLOCK,TCP,192.168.1.2,192.168.1.3,65044,51773
2024-12-27,07:25:21,BLOCK,TCP,172.16.0.2,192.168.1.1,35925,21241
2024-12-27,07:25:22,BLOCK,TCP,172.16.0.2,192.168.1.2,7063,48116
2024-12-27,07:25:22,BLOCK,TCP,10.0.0.2,192.168.1.2,51808,21163
2024-12-27,07:25:22,ALLOW,UDP,192.168.1.3,192.168.1.3,15167,32791
2024-12-27,07:25:23,BLOCK,TCP,192.168.1.2,10.0.0.1,15310,27454
2024-12-27,07:25:23,ALLOW,TCP,192.168.1.1,172.16.0.1,6617,15627
2024-12-27,07:25:23,ALLOW,TCP,10.0.0.1,192.168.1.1,29703,20874
2024-12-27,07:25:24,ALLOW,TCP,172.16.0.2,192.168.1.2,52521,40709
2024-12-27,07:25:24,BLOCK,TCP,172.16.0.1,10.0.0.1,62657,38965
2024-12-27,07:25:24,BLOCK,TCP,10.0.0.2,192.168.1.2,15615,41681
2024-12-27,07:25:25,ALLOW,UDP,192.168.1.3,172.16.0.1,55547,55893
2024-12-27,07:25:25,BLOCK,UDP,10.0.0.2,172.16.0.1,44072,27333
2024-12-27,07:25:26,BLOCK,TCP,172.16.0.1,10.0.0.1,49846,11430
2024-12-27,07:25:26,BLOCK,TCP,192.168.1.3,192.168.1.2,48728,21592
2024-12-27,07:25:26,ALLOW,TCP,172.16.0.1,192.168.1.1,7697,3046
2024-12-27,07:25:27,BLOCK,UDP,10.0.0.1,172.16.0.1,31306,4690
2024-12-27,07:25:27,ALLOW,UDP,172.16.0.2,192.168.1.2,1633,31937
2024-12-27,07:25:28,ALLOW,TCP,10.0.0.2,10.0.0.2,12884,59064
2024-12-27,07:25:28,BLOCK,UDP,10.0.0.2,172.16.0.2,32191,2326
2024-12-27,07:25:28,BLOCK,TCP,192.168.1.1,10.0.0.2,20974,12382
2024-12-27,07:25:29,ALLOW,UDP,192.168.1.3,172.16.0.1,47366,22761
2024-12-27,07:25:29,BLOCK,UDP,192.168.1.1,10.0.0.2,22309,59383
2024-12-27,07:25:30,ALLOW,UDP,10.0.0.1,172.16.0.2,24824,61200
2024-12-27,07:25:30,BLOCK,UDP,192.168.1.3,172.16.0.2,4863,41550
2024-12-27,07:25:31,ALLOW,UDP,192.168.1.2,172.16.0.2,37899,32573
2024-12-27,07:25:32,BLOCK,UDP,192.168.1.1,192.168.1.3,6028,24193
2024-12-27,07:25:32,ALLOW,TCP,172.16.0.1,10.0.0.1,2148,52618
2024-12-27,07:25:33,BLOCK,UDP,10.0.0.2,172.16.0.2,49480,45289
2024-12-27,07:25:33,BLOCK,UDP,172.16.0.1,192.168.1.3,17877,60023
2024-12-27,07:25:33,ALLOW,UDP,192.168.1.3,172.16.0.2,12636,9309
2024-12-27,07:25:34,BLOCK,TCP,192.168.1.3,192.168.1.1,30640,18263
2024-12-27,07:25:34,ALLOW,TCP,10.0.0.1,172.16.0.1,18067,50364
2024-12-27,07:25:35,BLOCK,TCP,192.168.1.1,192.168.1.2,56496,11473
2024-12-27,07:25:35,BLOCK,TCP,192.168.1.1,192.168.1.2,7847,37716
2024-12-27,07:25:35,ALLOW,UDP,172.16.0.1,172.16.0.2,35858,51912
2024-12-27,07:25:36,ALLOW,TCP,192.168.1.3,10.0.0.2,60454,7252
2024-12-27,07:25:37,ALLOW,TCP,172.16.0.1,10.0.0.1,10847,52913
2024-12-27,07:25:37,ALLOW,UDP,172.16.0.2,10.0.0.2,6705,27089
2024-12-27,07:25:38,ALLOW,UDP,172.16.0.2,192.168.1.2,61355,52873
2024-12-27,07:25:38,ALLOW,UDP,10.0.0.2,192.168.1.2,22013,18361
2024-12-27,07:25:38,ALLOW,TCP,10.0.0.1,10.0.0.1,52076,1943
2024-12-27,07:25:39,ALLOW,UDP,172.16.0.1,10.0.0.2,28876,23913
2024-12-27,07:25:39,ALLOW,TCP,192.168.1.3,172.16.0.1,8060,4958
2024-12-27,07:25:40,BLOCK,TCP,172.16.0.1,10.0.0.1,57592,63456
2024-12-27,07:25:40,BLOCK,UDP,192.168.1.3,172.16.0.2,18668,12893
2024-12-27,07:25:41,BLOCK,UDP,192.168.1.1,172.16.0.1,52417,1318
2024-12-27,07:25:41,BLOCK,TCP,10.0.0.1,10.0.0.2,6997,43252
2024-12-27,07:25:41,BLOCK,TCP,172.16.0.2,172.16.0.2,35584,23944
2024-12-27,07:25:42,BLOCK,TCP,192.168.1.1,192.168.1.1,4145,51287
2024-12-27,07:25:42,ALLOW,TCP,172.16.0.1,10.0.0.2,8940,27232
2024-12-27,07:25:42,ALLOW,TCP,192.168.1.2,172.16.0.2,33786,402
2024-12-27,07:25:43,ALLOW,UDP,10.0.0.2,192.168.1.2,63010,49719
2024-12-27,07:25:43,ALLOW,TCP,192.168.1.3,192.168.1.2,61369,30434
2024-12-27,07:25:44,BLOCK,TCP,192.168.1.2,172.16.0.1,16755,58329
2024-12-27,07:25:44,ALLOW,UDP,10.0.0.2,192.168.1.1,9885,50816
2024-12-27,07:25:44,BLOCK,TCP,192.168.1.3,10.0.0.1,64623,16872
2024-12-27,07:25:45,ALLOW,TCP,172.16.0.2,192.168.1.1,40971,6411
2024-12-27,07:25:45,BLOCK,UDP,172.16.0.1,192.168.1.3,49038,42720
2024-12-27,07:25:46,ALLOW,TCP,192.168.1.3,192.168.1.3,41170,48723
2024-12-27,07:25:46,BLOCK,TCP,10.0.0.1,10.0.0.1,12429,35936
2024-12-27,07:25:46,ALLOW,UDP,192.168.1.1,172.16.0.1,10222,29822
2024-12-27,07:25:47,ALLOW,TCP,10.0.0.1,172.16.0.1,31581,26779
2024-12-27,07:25:47,ALLOW,UDP,10.0.0.2,10.0.0.1,51624,50507
2024-12-27,07:25:48,ALLOW,UDP,10.0.0.2,10.0.0.2,37962,38447
2024-12-27,07:25:48,BLOCK,TCP,192.168.1.2,172.16.0.1,50144,33674
2024-12-27,07:25:48,ALLOW,UDP,10.0.0.2,172.16.0.2,22622,11622
2024-12-27,07:25:49,ALLOW,TCP,172.16.0.2,10.0.0.1,31760,19956
2024-12-27,07:25:49,ALLOW,UDP,10.0.0.2,192.168.1.3,29147,44992
2024-12-27,07:25:50,ALLOW,UDP,172.16.0.2,192.168.1.1,22965,15659
2024-12-27,07:25:50,ALLOW,TCP,192.168.1.3,10.0.0.1,9995,14529
2024-12-27,07:25:50,BLOCK,UDP,192.168.1.2,10.0.0.1,14544,19542
2024-12-27,07:25:51,ALLOW,UDP,192.168.1.2,192.168.1.2,55695,28862
2024-12-27,07:25:51,ALLOW,UDP,192.168.1.3,192.168.1.2,6947,5313
2024-12-27,07:25:51,BLOCK,TCP,192.168.1.2,172.16.0.1,50635,2289
2024-12-27,07:25:52,ALLOW,TCP,10.0.0.2,172.16.0.2,50295,44655
2024-12-27,07:25:52,ALLOW,TCP,192.168.1.2,10.0.0.1,46997,4504
2024-12-27,07:25:53,ALLOW,TCP,10.0.0.1,192.168.1.1,46062,53882
2024-12-27,07:25:53,BLOCK,UDP,192.168.1.1,172.16.0.2,8900,14491
2024-12-27,07:25:54,ALLOW,UDP,172.16.0.2,10.0.0.1,26141,63856
2024-12-27,07:25:54,ALLOW,UDP,172.16.0.1,172.16.0.2,41795,13017
2024-12-27,07:25:54,ALLOW,UDP,172.16.0.1,10.0.0.2,14826,46505
2024-12-27,07:25:55,BLOCK,UDP,10.0.0.2,172.16.0.2,54624,32854
2024-12-27,07:25:55,BLOCK,UDP,192.168.1.1,10.0.0.1,37995,32383
2024-12-27,07:25:55,BLOCK,TCP,10.0.0.1,172.16.0.1,9576,32108
2024-12-27,07:25:56,BLOCK,UDP,10.0.0.2,192.168.1.3,24410,8319
2024-12-27,07:25:56,BLOCK,UDP,172.16.0.2,10.0.0.2,37447,17916
2024-12-27,07:25:57,ALLOW,TCP,192.168.1.2,192.168.1.2,8572,668
2024-12-27,07:25:57,BLOCK,TCP,172.16.0.1,192.168.1.1,39135,55416
2024-12-27,07:25:57,BLOCK,UDP,172.16.0.2,192.168.1.3,41236,60753
2024-12-27,07:25:58,ALLOW,TCP,172.16.0.1,192.168.1.1,21181,35930
2024-12-27,07:25:58,ALLOW,UDP,192.168.1.2,10.0.0.2,31564,47994
2024-12-27,07:25:59,BLOCK,TCP,192.168.1.2,10.0.0.1,33910,63694
2024-12-27,07:26:00,ALLOW,UDP,10.0.0.1,172.16.0.1,50782,5243
2024-12-27,07:26:00,ALLOW,TCP,192.168.1.1,192.168.1.1,884,46578
2024-12-27,07:26:01,BLOCK,TCP,192.168.1.2,10.0.0.2,14048,24310
2024-12-27,07:26:01,ALLOW,UDP,192.168.1.2,192.168.1.3,30917,11836
2024-12-27,07:26:02,ALLOW,UDP,172.16.0.1,192.168.1.1,37515,48475
2024-12-27,07:26:02,ALLOW,UDP,192.168.1.2,192.168.1.2,22654,58200
2024-12-27,07:26:02,ALLOW,UDP,192.168.1.3,10.0.0.1,36387,40991
2024-12-27,07:26:03,BLOCK,UDP,192.168.1.3,192.168.1.2,8590,50706
2024-12-27,07:26:03,ALLOW,TCP,192.168.1.1,192.168.1.2,52081,53292
2024-12-27,07:26:04,ALLOW,TCP,192.168.1.1,192.168.1.1,32234,28958
2024-12-27,07:26:04,BLOCK,UDP,10.0.0.2,172.16.0.2,59137,35678
2024-12-27,07:26:05,ALLOW,TCP,10.0.0.1,192.168.1.1,13138,48018
2024-12-27,07:26:05,ALLOW,TCP,172.16.0.1,192.168.1.2,33657,23988
2024-12-27,07:26:05,BLOCK,TCP,172.16.0.2,192.168.1.3,15292,616
2024-12-27,07:26:06,BLOCK,UDP,10.0.0.2,192.168.1.1,39366,9813
2024-12-27,07:26:06,ALLOW,TCP,192.168.1.1,10.0.0.2,2815,20555
2024-12-27,07:26:07,ALLOW,UDP,172.16.0.1,172.16.0.2,46653,14502
2024-12-27,07:26:07,BLOCK,UDP,172.16.0.1,10.0.0.1,4683,45405
2024-12-27,07:26:07,BLOCK,TCP,10.0.0.2,172.16.0.1,64655,23277
2024-12-27,07:26:08,BLOCK,UDP,192.168.1.3,192.168.1.2,37353,24348
2024-12-27,07:26:08,BLOCK,UDP,192.168.1.2,172.16.0.1,20275,18724
2024-12-27,07:26:09,BLOCK,UDP,10.0.0.2,172.16.0.1,39260,419
2024-12-27,07:26:09,BLOCK,TCP,192.168.1.3,192.168.1.3,65373,54690
2024-12-27,07:26:10,ALLOW,TCP,172.16.0.1,192.168.1.1,29319,44531
2024-12-27,07:26:10,BLOCK,UDP,10.0.0.1,192.168.1.1,12836,64929
2024-12-27,07:26:11,ALLOW,TCP,172.16.0.1,192.168.1.1,13254,34580
2024-12-27,07:26:11,BLOCK,TCP,192.168.1.2,10.0.0.2,8604,58637
2024-12-27,07:26:11,ALLOW,TCP,10.0.0.1,172.16.0.1,5637,51644
2024-12-27,07:26:12,ALLOW,TCP,172.16.0.1,10.0.0.1,8449,23044
2024-12-27,07:26:12,ALLOW,UDP,192.168.1.1,192.168.1.1,55200,63142
2024-12-27,07:26:12,ALLOW,UDP,192.168.1.1,192.168.1.1,8405,23859
2024-12-27,07:26:13,BLOCK,UDP,172.16.0.2,10.0.0.1,23885,64741
2024-12-27,07:26:13,BLOCK,UDP,10.0.0.1,10.0.0.1,46778,2927
2024-12-27,07:26:13,BLOCK,UDP,10.0.0.1,192.168.1.3,46668,4827
2024-12-27,07:26:14,BLOCK,UDP,192.168.1.2,10.0.0.2,10071,19674
2024-12-27,07:26:14,BLOCK,TCP,10.0.0.2,10.0.0.1,34427,15333
2024-12-27,07:26:15,BLOCK,TCP,192.168.1.2,192.168.1.2,23575,50382
2024-12-27,07:26:15,BLOCK,UDP,10.0.0.1,10.0.0.2,35046,44300
2024-12-27,07:26:15,ALLOW,UDP,172.16.0.2,172.16.0.2,37720,42360
2024-12-27,07:26:16,ALLOW,TCP,192.168.1.3,192.168.1.1,42635,23580
2024-12-27,07:26:16,ALLOW,TCP,192.168.1.1,192.168.1.1,59060,53704
2024-12-27,07:26:16,BLOCK,UDP,10.0.0.2,10.0.0.1,37647,32378
2024-12-27,07:26:17,BLOCK,UDP,10.0.0.1,172.16.0.1,15384,16997
2024-12-27,07:26:17,BLOCK,UDP,172.16.0.1,172.16.0.1,23379,61113
2024-12-27,07:26:18,ALLOW,TCP,172.16.0.1,172.16.0.2,49998,8371
2024-12-27,07:26:18,BLOCK,UDP,10.0.0.1,172.16.0.1,57720,3294
2024-12-27,07:26:18,BLOCK,UDP,192.168.1.3,192.168.1.2,23154,20165
2024-12-27,07:26:19,BLOCK,UDP,10.0.0.1,192.168.1.1,3679,33826
2024-12-27,07:26:19,ALLOW,UDP,192.168.1.1,172.16.0.2,40779,48551
2024-12-27,07:26:19,ALLOW,TCP,192.168.1.1,192.168.1.2,19152,40773
2024-12-27,07:26:20,ALLOW,TCP,172.16.0.1,192.168.1.2,41726,40226
2024-12-27,07:26:20,ALLOW,UDP,172.16.0.2,192.168.1.2,10504,4576
2024-12-27,07:26:21,BLOCK,TCP,172.16.0.2,192.168.1.2,6054,57694
2024-12-27,07:26:21,ALLOW,UDP,172.16.0.1,172.16.0.1,36549,57912
2024-12-27,07:26:21,BLOCK,UDP,172.16.0.2,172.16.0.1,41397,14168
2024-12-27,07:26:22,BLOCK,TCP,192.168.1.1,172.16.0.1,41459,23605
2024-12-27,07:26:22,BLOCK,TCP,192.168.1.2,10.0.0.2,10356,40611
2024-12-27,07:26:22,BLOCK,TCP,172.16.0.2,172.16.0.1,58014,3670
2024-12-27,07:26:23,BLOCK,TCP,10.0.0.2,172.16.0.1,34642,40680
2024-12-27,07:26:23,ALLOW,UDP,192.168.1.3,192.168.1.2,1672,6588
2024-12-27,07:26:24,BLOCK,TCP,10.0.0.1,192.168.1.1,4188,36786
2024-12-27,07:26:24,BLOCK,TCP,10.0.0.2,10.0.0.1,54753,20453
2024-12-27,07:26:25,BLOCK,UDP,10.0.0.1,172.16.0.2,19155,29802
2024-12-27,07:26:25,ALLOW,TCP,192.168.1.2,10.0.0.1,13225,62213
2024-12-27,07:26:25,ALLOW,UDP,192.168.1.1,10.0.0.2,42968,50456
2024-12-27,07:26:26,BLOCK,TCP,10.0.0.1,10.0.0.2,10423,19515
2024-12-27,07:26:26,ALLOW,UDP,172.16.0.2,10.0.0.1,10539,39592
2024-12-27,07:26:26,BLOCK,TCP,192.168.1.3,10.0.0.2,57144,39855
2024-12-27,07:26:27,ALLOW,UDP,192.168.1.1,192.168.1.1,37714,9253
2024-12-27,07:26:27,ALLOW,UDP,192.168.1.1,172.16.0.2,16726,23718
2024-12-27,07:26:27,ALLOW,UDP,192.168.1.1,192.168.1.3,27573,5592
2024-12-27,07:26:28,BLOCK,TCP,192.168.1.2,192.168.1.3,45085,25480
2024-12-27,07:26:28,ALLOW,TCP,172.16.0.2,192.168.1.2,6722,32605
2024-12-27,07:26:29,ALLOW,TCP,172.16.0.1,10.0.0.2,1678,15216
2024-12-27,07:26:29,BLOCK,UDP,192.168.1.1,192.168.1.1,4577,63811
2024-12-27,07:26:29,ALLOW,UDP,192.168.1.3,192.168.1.2,19263,24258
2024-12-27,07:26:30,BLOCK,TCP,192.168.1.3,10.0.0.2,15831,47751
2024-12-27,07:26:30,ALLOW,UDP,172.16.0.2,192.168.1.1,32742,44294
2024-12-27,07:26:30,ALLOW,TCP,172.16.0.1,172.16.0.1,7903,55303
2024-12-27,07:26:31,ALLOW,UDP,10.0.0.2,192.168.1.3,53253,44826
2024-12-27,07:26:31,BLOCK,TCP,172.16.0.2,192.168.1.1,56273,13367
2024-12-27,07:26:31,BLOCK,UDP,10.0.0.2,10.0.0.1,41976,16050
2024-12-27,07:26:32,ALLOW,TCP,192.168.1.2,192.168.1.3,24915,8325
2024-12-27,07:26:32,BLOCK,TCP,10.0.0.2,192.168.1.2,15614,8243
2024-12-27,07:26:32,ALLOW,TCP,192.168.1.1,192.168.1.2,40219,18245
2024-12-27,07:26:33,ALLOW,UDP,10.0.0.1,192.168.1.1,64198,11528
2024-12-27,07:26:33,ALLOW,TCP,172.16.0.2,192.168.1.3,4270,25690
2024-12-27,07:26:34,BLOCK,UDP,172.16.0.2,192.168.1.2,13620,17133
2024-12-27,07:26:34,ALLOW,UDP,192.168.1.1,172.16.0.1,5021,17017
2024-12-27,07:26:34,BLOCK,TCP,192.168.1.3,172.16.0.1,23538,51919
2024-12-27,07:26:35,BLOCK,UDP,10.0.0.1,192.168.1.2,44177,52105
2024-12-27,07:26:35,BLOCK,UDP,172.16.0.1,172.16.0.1,3672,30598
2024-12-27,07:26:35,ALLOW,UDP,192.168.1.2,192.168.1.3,40192,52179
2024-12-27,07:26:36,BLOCK,TCP,10.0.0.1,192.168.1.1,53308,59608
2024-12-27,07:26:36,ALLOW,UDP,192.168.1.3,192.168.1.3,53057,39453
2024-12-27,07:26:37,BLOCK,TCP,172.16.0.2,10.0.0.1,5990,45510
2024-12-27,07:26:37,ALLOW,TCP,10.0.0.2,172.16.0.2,771,31605
2024-12-27,07:26:37,BLOCK,UDP,172.16.0.1,192.168.1.2,23215,23552
2024-12-27,07:26:38,BLOCK,TCP,10.0.0.1,192.168.1.3,55573,3515
2024-12-27,07:26:38,ALLOW,TCP,10.0.0.1,192.168.1.3,39702,23718
2024-12-27,07:26:38,ALLOW,UDP,192.168.1.3,172.16.0.1,42124,2222
2024-12-27,07:26:39,BLOCK,UDP,192.168.1.1,192.168.1.1,60323,31559
2024-12-27,07:26:39,BLOCK,UDP,172.16.0.2,172.16.0.2,49814,12126
2024-12-27,07:26:40,ALLOW,TCP,172.16.0.2,172.16.0.2,22151,40399
2024-12-27,07:26:40,ALLOW,UDP,192.168.1.2,10.0.0.1,3876,15948
2024-12-27,07:26:40,BLOCK,TCP,192.168.1.3,192.168.1.1,32479,15930
2024-12-27,07:26:41,BLOCK,TCP,10.0.0.2,192.168.1.3,11923,23933
2024-12-27,07:26:41,BLOCK,UDP,10.0.0.2,10.0.0.1,16544,3700
2024-12-27,07:26:42,BLOCK,TCP,10.0.0.1,172.16.0.1,27572,25834
2024-12-27,07:26:42,BLOCK,TCP,192.168.1.2,192.168.1.2,22170,11705
2024-12-27,07:26:42,ALLOW,UDP,192.168.1.3,192.168.1.2,40978,59558
2024-12-27,07:26:43,BLOCK,TCP,192.168.1.3,172.16.0.2,63416,9242
2024-12-27,07:26:43,BLOCK,UDP,10.0.0.2,192.168.1.3,36367,14294
2024-12-27,07:26:44,ALLOW,UDP,192.168.1.2,10.0.0.2,28010,34020
2024-12-27,07:26:44,BLOCK,UDP,172.16.0.1,192.168.1.1,56968,18556
2024-12-27,07:26:44,ALLOW,TCP,192.168.1.2,172.16.0.2,60315,6673
2024-12-27,07:26:45,BLOCK,TCP,192.168.1.2,192.168.1.1,5812,50420
2024-12-27,07:26:45,ALLOW,TCP,10.0.0.2,192.168.1.2,32248,61302
2024-12-27,07:26:46,ALLOW,TCP,10.0.0.1,10.0.0.1,43104,32226
2024-12-27,07:26:46,ALLOW,UDP,172.16.0.1,172.16.0.1,65273,41699
2024-12-27,07:26:46,ALLOW,TCP,10.0.0.2,192.168.1.2,43848,1335
2024-12-27,07:26:47,ALLOW,TCP,192.168.1.2,192.168.1.2,28878,43869
2024-12-27,07:26:47,ALLOW,UDP,172.16.0.1,172.16.0.1,2951,62256
2024-12-27,07:26:48,BLOCK,TCP,172.16.0.2,172.16.0.1,19140,31465
2024-12-27,07:26:48,ALLOW,UDP,192.168.1.3,10.0.0.1,31091,29206
2024-12-27,07:26:49,ALLOW,TCP,192.168.1.2,10.0.0.1,6804,7617
2024-12-27,07:26:49,BLOCK,TCP,172.16.0.2,172.16.0.2,12404,58574
2024-12-27,07:26:50,BLOCK,TCP,10.0.0.2,172.16.0.2,60859,16940
2024-12-27,07:26:50,ALLOW,TCP,192.168.1.2,192.168.1.3,50674,46735
2024-12-27,07:26:51,ALLOW,TCP,10.0.0.1,192.168.1.2,22019,6562
2024-12-27,07:26:51,BLOCK,UDP,192.168.1.2,192.168.1.1,56402,18406
2024-12-27,07:26:51,BLOCK,TCP,10.0.0.1,192.168.1.3,46554,13365
2024-12-27,07:26:52,BLOCK,UDP,172.16.0.2,10.0.0.2,42075,24626
2024-12-27,07:26:52,ALLOW,UDP,192.168.1.3,192.168.1.3,60947,11296
2024-12-27,07:26:53,BLOCK,TCP,192.168.1.2,10.0.0.1,11403,47270
2024-12-27,07:26:53,ALLOW,TCP,192.168.1.1,10.0.0.1,33343,10251
2024-12-27,07:26:54,BLOCK,TCP,172.16.0.1,10.0.0.2,2842,20060
2024-12-27,07:26:54,ALLOW,TCP,192.168.1.2,192.168.1.1,45074,49788
2024-12-27,07:26:55,ALLOW,UDP,10.0.0.2,172.16.0.2,6056,40713
2024-12-27,07:26:55,ALLOW,TCP,192.168.1.3,192.168.1.3,34725,57837
2024-12-27,07:26:56,ALLOW,TCP,192.168.1.2,192.168.1.1,47404,64407
2024-12-27,07:26:56,ALLOW,TCP,10.0.0.1,192.168.1.2,19217,26220
2024-12-27,07:26:57,BLOCK,TCP,10.0.0.1,192.168.1.3,23132,33306
2024-12-27,07:26:57,ALLOW,TCP,10.0.0.2,192.168.1.2,47405,62165
2024-12-27,07:26:58,ALLOW,TCP,192.168.1.2,192.168.1.1,32747,51431
2024-12-27,07:26:58,ALLOW,UDP,192.168.1.2,192.168.1.3,12559,34005
2024-12-27,07:26:58,ALLOW,UDP,172.16.0.1,172.16.0.1,51044,60457
2024-12-27,07:26:59,BLOCK,TCP,172.16.0.1,10.0.0.2,19370,48084
2024-12-27,07:26:59,BLOCK,TCP,192.168.1.3,192.168.1.1,8293,42564
2024-12-27,07:27:00,ALLOW,TCP,192.168.1.2,172.16.0.1,30665,48935
2024-12-27,07:27:00,ALLOW,TCP,10.0.0.2,192.168.1.1,29030,49023
2024-12-27,07:27:00,ALLOW,UDP,192.168.1.3,192.168.1.3,25326,23775
2024-12-27,07:27:01,ALLOW,TCP,172.16.0.2,192.168.1.1,23669,20000
2024-12-27,07:27:02,ALLOW,UDP,10.0.0.2,192.168.1.1,26214,37871
2024-12-27,07:27:02,ALLOW,UDP,192.168.1.3,192.168.1.3,13380,12102
2024-12-27,07:27:03,BLOCK,TCP,192.168.1.2,10.0.0.1,57778,48568
2024-12-27,07:27:03,BLOCK,TCP,192.168.1.2,192.168.1.3,61296,44152
2024-12-27,07:27:04,ALLOW,TCP,192.168.1.1,192.168.1.3,55289,25794
2024-12-27,07:27:04,ALLOW,UDP,192.168.1.3,172.16.0.1,38508,53369
2024-12-27,07:27:05,ALLOW,TCP,10.0.0.2,10.0.0.1,37489,5050
2024-12-27,07:27:05,BLOCK,UDP,192.168.1.3,192.168.1.3,30477,44162
2024-12-27,07:27:05,BLOCK,UDP,10.0.0.2,172.16.0.1,7394,11920
2024-12-27,07:27:06,BLOCK,UDP,172.16.0.2,192.168.1.2,64914,37548
2024-12-27,07:27:06,ALLOW,TCP,10.0.0.2,192.168.1.3,39156,31437
2024-12-27,07:27:07,ALLOW,UDP,172.16.0.2,10.0.0.2,46075,26293
2024-12-27,07:27:07,BLOCK,UDP,192.168.1.2,172.16.0.2,56016,17115
2024-12-27,07:27:07,ALLOW,UDP,172.16.0.1,10.0.0.2,50374,49919
2024-12-27,07:27:08,BLOCK,TCP,10.0.0.1,172.16.0.1,12773,53223
2024-12-27,07:27:08,BLOCK,TCP,192.168.1.3,192.168.1.3,32074,7849
2024-12-27,07:27:08,BLOCK,UDP,10.0.0.2,192.168.1.2,29315,26225
2024-12-27,07:27:09,BLOCK,UDP,172.16.0.1,192.168.1.1,52976,18103
2024-12-27,07:27:09,BLOCK,TCP,172.16.0.2,172.16.0.2,40769,3959
2024-12-27,07:27:10,BLOCK,TCP,172.16.0.1,192.168.1.3,2734,35330
2024-12-27,07:27:10,ALLOW,TCP,192.168.1.1,10.0.0.1,61424,11587
2024-12-27,07:27:10,BLOCK,UDP,192.168.1.3,10.0.0.1,11375,12916
2024-12-27,07:27:11,BLOCK,TCP,192.168.1.2,192.168.1.2,45641,14493
2024-12-27,07:27:11,ALLOW,TCP,172.16.0.1,172.16.0.2,29255,16354
2024-12-27,07:27:11,BLOCK,TCP,192.168.1.3,192.168.1.1,20355,8137
2024-12-27,07:27:12,ALLOW,UDP,10.0.0.1,10.0.0.1,42917,38380
2024-12-27,07:27:12,ALLOW,TCP,10.0.0.1,192.168.1.1,25162,16111
2024-12-27,07:27:13,BLOCK,UDP,192.168.1.2,172.16.0.1,51852,39207
2024-12-27,07:27:13,BLOCK,TCP,172.16.0.2,172.16.0.1,22910,9158
2024-12-27,07:27:13,ALLOW,TCP,172.16.0.2,192.168.1.1,4516,62333
2024-12-27,07:27:14,ALLOW,UDP,10.0.0.1,10.0.0.1,16849,34619
2024-12-27,07:27:14,BLOCK,TCP,192.168.1.3,192.168.1.2,17185,38805
2024-12-27,07:27:15,ALLOW,TCP,10.0.0.2,192.168.1.1,42544,27225
2024-12-27,07:27:15,ALLOW,UDP,172.16.0.1,172.16.0.2,15952,32337
2024-12-27,07:27:16,ALLOW,TCP,192.168.1.3,10.0.0.1,8753,1948
2024-12-27,07:27:16,ALLOW,UDP,192.168.1.2,10.0.0.2,15389,48440
2024-12-27,07:27:16,ALLOW,TCP,172.16.0.2,172.16.0.2,59512,44106
2024-12-27,07:27:17,ALLOW,TCP,10.0.0.2,192.168.1.3,42771,24485
2024-12-27,07:27:17,BLOCK,UDP,192.168.1.3,192.168.1.2,51408,32469
2024-12-27,07:27:17,ALLOW,UDP,192.168.1.2,192.168.1.3,41242,52660
2024-12-27,07:27:18,ALLOW,UDP,10.0.0.1,172.16.0.1,19375,40520
2024-12-27,07:27:18,BLOCK,TCP,10.0.0.1,192.168.1.3,20894,15951
2024-12-27,07:27:19,BLOCK,TCP,192.168.1.1,192.168.1.3,28417,49331
2024-12-27,07:27:19,ALLOW,UDP,10.0.0.2,192.168.1.2,45553,15752
2024-12-27,07:27:19,BLOCK,TCP,10.0.0.1,172.16.0.1,16856,30197
2024-12-27,07:27:20,BLOCK,TCP,192.168.1.3,192.168.1.3,51733,15267
2024-12-27,07:27:20,BLOCK,UDP,172.16.0.2,10.0.0.1,42595,9506
2024-12-27,07:27:21,BLOCK,TCP,172.16.0.2,192.168.1.2,59919,12257
2024-12-27,07:27:21,ALLOW,UDP,172.16.0.1,10.0.0.2,11083,52911
2024-12-27,07:27:21,ALLOW,UDP,192.168.1.1,10.0.0.1,6843,4203
2024-12-27,07:27:22,ALLOW,TCP,172.16.0.2,172.16.0.1,49702,34615
2024-12-27,07:27:22,BLOCK,UDP,10.0.0.2,10.0.0.2,32336,32833
2024-12-27,07:27:22,ALLOW,UDP,192.168.1.2,192.168.1.1,35754,18272
2024-12-27,07:27:23,BLOCK,UDP,172.16.0.1,172.16.0.2,16736,44488
2024-12-27,07:27:23,BLOCK,UDP,192.168.1.1,192.168.1.3,61163,3739
2024-12-27,07:27:23,BLOCK,UDP,172.16.0.1,192.168.1.1,40571,33875
2024-12-27,07:27:24,BLOCK,UDP,10.0.0.2,192.168.1.3,32514,43123
2024-12-27,07:27:24,BLOCK,TCP,10.0.0.2,172.16.0.2,23136,14816
2024-12-27,07:27:25,BLOCK,TCP,192.168.1.1,172.16.0.1,48276,23065
2024-12-27,07:27:25,BLOCK,TCP,172.16.0.2,172.16.0.1,12347,42502
2024-12-27,07:27:25,BLOCK,UDP,10.0.0.1,172.16.0.2,28726,25446
2024-12-27,07:27:26,BLOCK,UDP,172.16.0.1,10.0.0.1,32144,2362
2024-12-27,07:27:26,ALLOW,TCP,172.16.0.2,192.168.1.2,24354,44962
2024-12-27,07:27:26,ALLOW,UDP,192.168.1.1,192.168.1.3,54554,934
2024-12-27,07:27:27,BLOCK,TCP,172.16.0.2,172.16.0.2,22349,22122
2024-12-27,07:27:27,ALLOW,UDP,192.168.1.1,192.168.1.3,8307,37693
2024-12-27,07:27:27,ALLOW,TCP,192.168.1.1,192.168.1.2,47589,51351
2024-12-27,07:27:28,ALLOW,UDP,192.168.1.2,192.168.1.1,53499,71
2024-12-27,07:27:28,BLOCK,UDP,10.0.0.2,192.168.1.3,56390,14655
2024-12-27,07:27:28,ALLOW,TCP,192.168.1.1,172.16.0.2,31614,26435
2024-12-27,07:27:29,ALLOW,TCP,172.16.0.2,192.168.1.1,14596,32347
2024-12-27,07:27:29,BLOCK,TCP,10.0.0.2,192.168.1.2,28327,720
2024-12-27,07:27:29,BLOCK,TCP,10.0.0.2,10.0.0.1,10059,30938
2024-12-27,07:27:30,ALLOW,UDP,172.16.0.1,172.16.0.2,55666,46673
2024-12-27,07:27:30,BLOCK,UDP,172.16.0.1,172.16.0.1,58898,21175
2024-12-27,07:27:31,BLOCK,UDP,192.168.1.2,192.168.1.1,7152,34767
2024-12-27,07:27:31,BLOCK,TCP,10.0.0.2,192.168.1.1,14875,39874
2024-12-27,07:27:31,BLOCK,TCP,172.16.0.2,10.0.0.2,50328,48557
2024-12-27,07:27:32,ALLOW,UDP,192.168.1.1,192.168.1.2,14675,47408
2024-12-27,07:27:32,ALLOW,UDP,172.16.0.2,192.168.1.3,48883,42683
2024-12-27,07:27:32,ALLOW,UDP,10.0.0.2,10.0.0.1,1002,50679
2024-12-27,07:27:33,BLOCK,TCP,172.16.0.1,172.16.0.1,40699,50575
2024-12-27,07:27:33,BLOCK,UDP,10.0.0.2,192.168.1.1,30770,64909
2024-12-27,07:27:33,ALLOW,TCP,10.0.0.1,10.0.0.1,54979,8318
2024-12-27,07:27:34,BLOCK,UDP,192.168.1.1,172.16.0.1,25359,22004
2024-12-27,07:27:34,BLOCK,TCP,192.168.1.2,192.168.1.3,28358,60269
2024-12-27,07:27:34,ALLOW,UDP,192.168.1.3,172.16.0.2,34504,35769
2024-12-27,07:27:35,BLOCK,UDP,10.0.0.1,10.0.0.2,33028,4022
2024-12-27,07:27:35,ALLOW,TCP,192.168.1.1,10.0.0.1,55917,39038
2024-12-27,07:27:35,ALLOW,UDP,172.16.0.1,10.0.0.2,56261,58214
2024-12-27,07:27:36,BLOCK,UDP,192.168.1.1,172.16.0.2,57011,56032
2024-12-27,07:27:36,BLOCK,UDP,192.168.1.2,192.168.1.3,8886,64415
2024-12-27,07:27:37,BLOCK,UDP,192.168.1.2,192.168.1.3,34487,36030
2024-12-27,07:27:37,ALLOW,TCP,192.168.1.1,192.168.1.2,59408,41440
2024-12-27,07:27:37,BLOCK,TCP,10.0.0.2,10.0.0.2,39128,37884
2024-12-27,07:27:38,BLOCK,UDP,172.16.0.2,192.168.1.1,55726,11691
2024-12-27,07:27:38,BLOCK,UDP,192.168.1.2,192.168.1.1,11199,48269
2024-12-27,07:27:38,ALLOW,UDP,192.168.1.1,192.168.1.1,5634,40122
2024-12-27,07:27:39,ALLOW,UDP,172.16.0.1,172.16.0.1,10742,38172
2024-12-27,07:27:39,ALLOW,UDP,192.168.1.2,192.168.1.1,37646,49725
2024-12-27,07:27:40,BLOCK,UDP,192.168.1.1,192.168.1.3,43798,59152
2024-12-27,07:27:40,ALLOW,UDP,172.16.0.1,192.168.1.2,8301,46869
2024-12-27,07:27:40,BLOCK,UDP,192.168.1.1,172.16.0.2,54265,52886
2024-12-27,07:27:41,ALLOW,TCP,192.168.1.2,10.0.0.1,30877,42320
2024-12-27,07:27:41,ALLOW,UDP,192.168.1.2,192.168.1.2,64718,25926
2024-12-27,07:27:41,ALLOW,TCP,192.168.1.2,192.168.1.3,14039,35634
2024-12-27,07:27:42,BLOCK,TCP,172.16.0.1,10.0.0.1,39545,5950
2024-12-27,07:27:42,BLOCK,UDP,172.16.0.1,172.16.0.2,6619,28288
2024-12-27,07:27:42,ALLOW,TCP,192.168.1.1,10.0.0.2,28388,9844
2024-12-27,07:27:43,BLOCK,UDP,172.16.0.1,10.0.0.1,1861,1020
2024-12-27,07:27:43,ALLOW,TCP,172.16.0.1,192.168.1.3,5399,36469
2024-12-27,07:27:43,ALLOW,TCP,172.16.0.2,172.16.0.1,31280,38188
2024-12-27,07:27:44,ALLOW,TCP,172.16.0.1,172.16.0.1,17321,31913
2024-12-27,07:27:44,ALLOW,UDP,192.168.1.3,172.16.0.1,39278,43808
2024-12-27,07:27:45,ALLOW,TCP,172.16.0.2,192.168.1.1,19169,37289
2024-12-27,07:27:45,BLOCK,UDP,172.16.0.2,172.16.0.1,50915,51484
2024-12-27,07:27:45,BLOCK,TCP,192.168.1.1,192.168.1.2,3433,55343
2024-12-27,07:27:46,BLOCK,TCP,172.16.0.2,192.168.1.2,461,54260
2024-12-27,07:27:46,ALLOW,UDP,172.16.0.1,172.16.0.1,13344,6565
2024-12-27,07:27:46,BLOCK,TCP,172.16.0.2,172.16.0.1,56567,65426
2024-12-27,07:27:47,BLOCK,UDP,172.16.0.1,10.0.0.2,13683,15311
2024-12-27,07:27:47,ALLOW,UDP,172.16.0.2,10.0.0.2,281,53564
2024-12-27,07:27:47,BLOCK,UDP,10.0.0.1,172.16.0.1,50806,28067
2024-12-27,07:27:48,ALLOW,TCP,172.16.0.2,192.168.1.1,46008,33139
2024-12-27,07:27:48,ALLOW,TCP,192.168.1.2,10.0.0.1,24504,56804
2024-12-27,07:27:48,ALLOW,TCP,192.168.1.1,172.16.0.1,972,41542
2024-12-27,07:27:49,BLOCK,TCP,172.16.0.1,172.16.0.2,16490,46410
2024-12-27,07:27:49,ALLOW,UDP,192.168.1.2,10.0.0.1,17106,57970
2024-12-27,07:27:50,ALLOW,UDP,192.168.1.1,192.168.1.3,53494,15211
2024-12-27,07:27:50,BLOCK,UDP,192.168.1.2,10.0.0.1,15776,27467
2024-12-27,07:27:50,ALLOW,TCP,10.0.0.2,10.0.0.1,52504,20438
2024-12-27,07:27:51,BLOCK,UDP,172.16.0.1,10.0.0.1,61153,27506
2024-12-27,07:27:51,ALLOW,TCP,10.0.0.2,192.168.1.3,36116,26645
2024-12-27,07:27:51,ALLOW,UDP,192.168.1.3,172.16.0.1,63252,207
2024-12-27,07:27:52,ALLOW,TCP,192.168.1.1,192.168.1.1,51353,1807
2024-12-27,07:27:52,ALLOW,UDP,192.168.1.2,192.168.1.2,8883,29831
2024-12-27,07:27:52,ALLOW,UDP,172.16.0.2,192.168.1.2,26397,39508
2024-12-27,07:27:53,BLOCK,TCP,10.0.0.1,192.168.1.3,3584,36213
2024-12-27,07:27:53,ALLOW,TCP,192.168.1.3,172.16.0.2,52432,22577
2024-12-27,07:27:53,ALLOW,UDP,10.0.0.2,10.0.0.1,51720,47720
2024-12-27,07:27:54,ALLOW,UDP,192.168.1.1,172.16.0.1,29397,23164
2024-12-27,07:27:54,ALLOW,UDP,192.168.1.1,10.0.0.2,21198,7405
2024-12-27,07:27:55,BLOCK,UDP,10.0.0.2,10.0.0.1,17085,129
2024-12-27,07:27:55,BLOCK,UDP,10.0.0.2,192.168.1.1,44679,15852
2024-12-27,07:27:55,ALLOW,UDP,172.16.0.1,192.168.1.3,54600,10277
2024-12-27,07:27:56,BLOCK,UDP,172.16.0.1,10.0.0.1,21181,30506
2024-12-27,07:27:56,BLOCK,UDP,172.16.0.1,172.16.0.1,19265,42586
2024-12-27,07:27:56,BLOCK,TCP,172.16.0.1,172.16.0.1,21194,8545
2024-12-27,07:27:57,BLOCK,UDP,192.168.1.1,172.16.0.1,41370,36774
2024-12-27,07:27:57,ALLOW,TCP,192.168.1.2,10.0.0.2,62763,33292
2024-12-27,07:27:57,BLOCK,UDP,10.0.0.1,10.0.0.2,7294,42497
2024-12-27,07:27:58,ALLOW,TCP,172.16.0.2,192.168.1.1,7475,26750
2024-12-27,07:27:58,BLOCK,TCP,10.0.0.1,192.168.1.3,11975,4301
2024-12-27,07:27:59,BLOCK,TCP,10.0.0.2,172.16.0.1,47199,1504
2024-12-27,07:27:59,ALLOW,UDP,10.0.0.2,192.168.1.3,27042,60551
2024-12-27,07:27:59,ALLOW,TCP,172.16.0.2,10.0.0.2,30699,54781
2024-12-27,07:28:00,BLOCK,TCP,172.16.0.2,10.0.0.1,52176,40349
2024-12-27,07:28:00,BLOCK,TCP,10.0.0.2,10.0.0.1,31521,22200
2024-12-27,07:28:00,ALLOW,UDP,192.168.1.3,10.0.0.2,62649,28576
2024-12-27,07:28:01,ALLOW,UDP,172.16.0.2,10.0.0.2,19618,17422
2024-12-27,07:28:01,ALLOW,TCP,172.16.0.2,192.168.1.2,27530,49814
2024-12-27,07:28:01,BLOCK,TCP,192.168.1.1,10.0.0.1,24465,42941
2024-12-27,07:28:02,BLOCK,TCP,172.16.0.2,192.168.1.1,40848,46181
2024-12-27,07:28:02,BLOCK,TCP,192.168.1.3,192.168.1.2,3029,33346
2024-12-27,07:28:02,ALLOW,UDP,192.168.1.3,172.16.0.2,11757,28302
2024-12-27,07:28:03,ALLOW,TCP,192.168.1.1,10.0.0.2,47828,48711
2024-12-27,07:28:03,BLOCK,TCP,10.0.0.2,192.168.1.1,47005,29194
2024-12-27,07:28:04,ALLOW,UDP,10.0.0.2,10.0.0.2,20707,47403
2024-12-27,07:28:04,BLOCK,UDP,192.168.1.2,192.168.1.3,38994,39476
2024-12-27,07:28:04,BLOCK,UDP,192.168.1.3,10.0.0.1,46338,21744
2024-12-27,07:28:05,ALLOW,UDP,192.168.1.1,10.0.0.1,62587,7344
2024-12-27,07:28:05,BLOCK,UDP,172.16.0.2,172.16.0.1,34585,59630
2024-12-27,07:28:06,ALLOW,UDP,192.168.1.1,192.168.1.2,20826,33515
2024-12-27,07:28:06,ALLOW,TCP,10.0.0.2,192.168.1.1,3962,5341
2024-12-27,07:28:06,ALLOW,UDP,10.0.0.2,192.168.1.1,50706,47470
2024-12-27,07:28:07,BLOCK,UDP,172.16.0.1,172.16.0.2,4910,3870
2024-12-27,07:28:07,ALLOW,TCP,192.168.1.1,172.16.0.2,60630,15986
2024-12-27,07:28:07,ALLOW,TCP,172.16.0.2,192.168.1.2,2229,28559
2024-12-27,07:28:08,ALLOW,TCP,192.168.1.3,192.168.1.1,1694,4171
2024-12-27,07:28:08,BLOCK,TCP,10.0.0.1,192.168.1.2,43068,34301
2024-12-27,07:28:09,ALLOW,UDP,192.168.1.3,172.16.0.2,43039,40469
2024-12-27,07:28:09,ALLOW,TCP,172.16.0.2,192.168.1.3,25505,15564
2024-12-27,07:28:09,BLOCK,UDP,172.16.0.1,10.0.0.2,48536,7142
2024-12-27,07:28:10,ALLOW,TCP,172.16.0.2,10.0.0.1,61599,44248
2024-12-27,07:28:10,ALLOW,UDP,172.16.0.1,192.168.1.2,6022,6229
2024-12-27,07:28:10,ALLOW,UDP,10.0.0.2,10.0.0.2,2010,20956
2024-12-27,07:28:11,ALLOW,TCP,192.168.1.3,172.16.0.1,18182,24295
2024-12-27,07:28:11,ALLOW,TCP,192.168.1.2,192.168.1.3,47616,41481
2024-12-27,07:28:11,BLOCK,TCP,10.0.0.1,172.16.0.1,9928,25493
2024-12-27,07:28:12,ALLOW,UDP,192.168.1.3,192.168.1.2,6107,33559
2024-12-27,07:28:12,ALLOW,TCP,192.168.1.1,10.0.0.1,59539,4101
2024-12-27,07:28:12,ALLOW,TCP,192.168.1.2,172.16.0.1,41311,16089
2024-12-27,07:28:13,BLOCK,TCP,192.168.1.1,172.16.0.1,65332,10710
2024-12-27,07:28:13,BLOCK,TCP,192.168.1.3,192.168.1.1,52397,18377
2024-12-27,07:28:14,BLOCK,UDP,172.16.0.2,192.168.1.1,6463,14368
2024-12-27,07:28:14,ALLOW,UDP,192.168.1.3,192.168.1.3,3127,10396
2024-12-27,07:28:14,BLOCK,TCP,192.168.1.2,172.16.0.1,58285,1104
2024-12-27,07:28:15,BLOCK,UDP,192.168.1.1,192.168.1.3,45149,40365
2024-12-27,07:28:15,BLOCK,TCP,10.0.0.1,10.0.0.2,24148,59884
2024-12-27,07:28:16,ALLOW,UDP,192.168.1.2,172.16.0.2,63250,2964
2024-12-27,07:28:16,BLOCK,UDP,172.16.0.1,172.16.0.2,29481,43406
2024-12-27,07:28:16,ALLOW,TCP,172.16.0.1,10.0.0.1,50540,20833
2024-12-27,07:28:17,ALLOW,UDP,10.0.0.2,192.168.1.3,23499,23839
2024-12-27,07:28:17,BLOCK,TCP,172.16.0.2,10.0.0.2,6152,3421
2024-12-27,07:28:18,ALLOW,TCP,192.168.1.1,192.168.1.3,64307,7016
2024-12-27,07:28:18,BLOCK,TCP,192.168.1.3,192.168.1.2,37214,42394
2024-12-27,07:28:18,BLOCK,UDP,192.168.1.2,192.168.1.3,38746,26889
2024-12-27,07:28:19,ALLOW,TCP,10.0.0.2,172.16.0.2,53780,16357
2024-12-27,07:28:19,BLOCK,UDP,10.0.0.2,192.168.1.2,8999,5943
2024-12-27,07:28:20,BLOCK,TCP,192.168.1.3,172.16.0.2,50415,37916
2024-12-27,07:28:20,ALLOW,TCP,10.0.0.1,192.168.1.1,52101,38042
2024-12-27,07:28:21,ALLOW,TCP,192.168.1.3,10.0.0.2,5707,44215
2024-12-27,07:28:21,BLOCK,UDP,10.0.0.2,192.168.1.2,13060,53800
2024-12-27,07:28:21,BLOCK,UDP,10.0.0.1,192.168.1.2,11521,2997
2024-12-27,07:28:22,BLOCK,UDP,10.0.0.2,192.168.1.1,53141,51303
2024-12-27,07:28:22,ALLOW,TCP,172.16.0.2,192.168.1.2,64212,54994
2024-12-27,07:28:23,BLOCK,TCP,192.168.1.2,192.168.1.2,48104,12252
2024-12-27,07:28:23,ALLOW,TCP,10.0.0.1,172.16.0.1,13227,8331
2024-12-27,07:28:23,BLOCK,TCP,192.168.1.2,192.168.1.2,9387,36943
2024-12-27,07:28:24,ALLOW,UDP,172.16.0.2,172.16.0.1,60272,52789
2024-12-27,07:28:24,BLOCK,UDP,10.0.0.1,192.168.1.2,7299,25453
2024-12-27,07:28:25,BLOCK,UDP,192.168.1.1,172.16.0.1,16212,14123
2024-12-27,07:28:25,BLOCK,UDP,172.16.0.1,10.0.0.2,17499,39235
2024-12-27,07:28:25,ALLOW,TCP,10.0.0.2,192.168.1.1,36380,39896
2024-12-27,07:28:26,BLOCK,UDP,192.168.1.3,192.168.1.1,55860,7704
2024-12-27,07:28:26,ALLOW,TCP,192.168.1.1,172.16.0.1,4034,53725
2024-12-27,07:28:27,BLOCK,UDP,192.168.1.1,192.168.1.2,13597,6184
2024-12-27,07:28:27,BLOCK,UDP,10.0.0.1,172.16.0.1,57659,65018
2024-12-27,07:28:27,ALLOW,TCP,192.168.1.1,10.0.0.1,4069,26790
2024-12-27,07:28:28,ALLOW,UDP,192.168.1.2,10.0.0.2,34799,21177
2024-12-27,07:28:28,ALLOW,UDP,192.168.1.3,172.16.0.2,13423,34962
2024-12-27,07:28:28,ALLOW,TCP,172.16.0.2,10.0.0.1,25607,52907
2024-12-27,07:28:29,ALLOW,UDP,172.16.0.2,10.0.0.2,45211,21326
2024-12-27,07:28:29,ALLOW,UDP,172.16.0.1,10.0.0.2,57118,51904
2024-12-27,07:28:29,BLOCK,TCP,172.16.0.1,192.168.1.1,19659,34230
2024-12-27,07:28:30,ALLOW,UDP,192.168.1.2,10.0.0.1,54487,45304
2024-12-27,07:28:30,BLOCK,UDP,10.0.0.1,192.168.1.1,32540,10597
2024-12-27,07:28:31,BLOCK,TCP,172.16.0.2,192.168.1.3,9677,26257
2024-12-27,07:28:31,ALLOW,TCP,192.168.1.2,192.168.1.1,43067,45323
2024-12-27,07:28:31,ALLOW,TCP,10.0.0.2,192.168.1.3,8475,56327
2024-12-27,07:28:32,BLOCK,TCP,10.0.0.2,10.0.0.1,55151,50074
2024-12-27,07:28:32,BLOCK,TCP,172.16.0.2,192.168.1.3,10865,6267
2024-12-27,07:28:32,BLOCK,UDP,172.16.0.2,10.0.0.1,29731,15604
2024-12-27,07:28:33,BLOCK,TCP,192.168.1.2,10.0.0.1,16104,11336
2024-12-27,07:28:33,BLOCK,UDP,192.168.1.3,10.0.0.2,61301,30206
2024-12-27,07:28:33,BLOCK,TCP,192.168.1.1,172.16.0.2,5940,32395
2024-12-27,07:28:34,ALLOW,TCP,192.168.1.1,10.0.0.1,35373,13935
2024-12-27,07:28:34,BLOCK,UDP,192.168.1.2,10.0.0.2,15981,65214
2024-12-27,07:28:35,ALLOW,TCP,10.0.0.1,192.168.1.3,26963,20792
2024-12-27,07:28:35,BLOCK,TCP,192.168.1.1,10.0.0.2,669,62615
2024-12-27,07:28:35,ALLOW,TCP,172.16.0.2,192.168.1.2,4227,54484
2024-12-27,07:28:36,BLOCK,UDP,192.168.1.3,172.16.0.1,30021,11202
2024-12-27,07:28:36,ALLOW,UDP,192.168.1.3,10.0.0.2,40442,38692
2024-12-27,07:28:37,ALLOW,TCP,172.16.0.1,10.0.0.1,17514,8095
2024-12-27,07:28:37,ALLOW,UDP,172.16.0.2,192.168.1.1,28689,46155
2024-12-27,07:28:37,BLOCK,TCP,10.0.0.2,10.0.0.1,56890,13932
2024-12-27,07:28:38,ALLOW,TCP,172.16.0.1,172.16.0.1,17982,14853
2024-12-27,07:28:38,ALLOW,UDP,192.168.1.3,172.16.0.2,10459,20046
2024-12-27,07:28:39,BLOCK,UDP,10.0.0.2,192.168.1.3,24898,58802
2024-12-27,07:28:39,ALLOW,TCP,192.168.1.1,172.16.0.1,58177,50554
2024-12-27,07:28:40,ALLOW,UDP,10.0.0.1,10.0.0.2,9801,2121
2024-12-27,07:28:40,BLOCK,TCP,192.168.1.2,10.0.0.1,18548,41184
2024-12-27,07:28:40,ALLOW,UDP,10.0.0.1,172.16.0.1,2854,53180
2024-12-27,07:28:41,ALLOW,TCP,10.0.0.1,172.16.0.2,9869,63307
2024-12-27,07:28:41,BLOCK,UDP,172.16.0.2,192.168.1.3,12399,18628
2024-12-27,07:28:41,BLOCK,UDP,10.0.0.2,192.168.1.3,26932,8611
2024-12-27,07:28:42,BLOCK,UDP,192.168.1.3,192.168.1.1,50742,6071
2024-12-27,07:28:42,ALLOW,UDP,172.16.0.1,192.168.1.2,9687,48764
2024-12-27,07:28:43,ALLOW,UDP,10.0.0.2,192.168.1.3,28625,55060
2024-12-27,07:28:43,BLOCK,TCP,172.16.0.1,10.0.0.1,4990,64634
2024-12-27,07:28:43,ALLOW,UDP,172.16.0.1,172.16.0.2,28068,14008
2024-12-27,07:28:44,ALLOW,UDP,192.168.1.2,172.16.0.1,31181,41010
2024-12-27,07:28:44,BLOCK,TCP,10.0.0.1,10.0.0.2,14103,14122
2024-12-27,07:28:45,BLOCK,UDP,192.168.1.2,192.168.1.3,42820,21543
2024-12-27,07:28:45,BLOCK,UDP,192.168.1.3,10.0.0.2,51629,43085
